id,name,logo,top,slug,meta_title,meta_description,created_at,updated_at
1,Nike,https://encrypted-tbn0.gstatic.com/images?q=tbn:ANd9GcQi_iLEOGN8vEqDnH3lObHHlYM0uwme1L7LmejHPDOqk2wi50G-itdJUlSmS54&s,0,,,,,
2,Puma,https://encrypted-tbn0.gstatic.com/images?q=tbn:ANd9GcTHg2wTDFgZrmOTk0eRkggbBbajhWNOoVSTcyiPy0yUluiNdASfBBBDQX6wug&s,0,,,,,
3,Quechua,https://encrypted-tbn0.gstatic.com/images?q=tbn:ANd9GcS9az2e0v7sgAQU1ObkG4xnBdXdwGITW0xERtkMpb2RpzUeUKz9hFzknh2SZw&s,0,,,,,
4,Artengo,https://encrypted-tbn0.gstatic.com/images?q=tbn:ANd9GcRgQSAZ8MiWdlh-lIA6kA9lnpAJHI79KWE4YdeSV3TK5Dns8RX967OSAEASyao&s,0,,,,,
5,Kalenji,https://encrypted-tbn0.gstatic.com/images?q=tbn:ANd9GcRfRJKgaf74x6DiXbYvsPKpQqMqkrGOlEpAAOQghpSbmD2K8MzzF_mpvYFDL7g&s,0,,,,,
6,Kipsta,https://encrypted-tbn0.gstatic.com/images?q=tbn:ANd9GcQFpuWbkk2be4cq0UH7l0DsgcmIQpktodh_JeOquBAc_HNOLL6OPKjRpMjW5g&s,0,,,,,
7,Inesis,https://encrypted-tbn0.gstatic.com/images?q=tbn:ANd9GcT1cX3hOc8WYdfJIsRqy6tSxb_EOugkRewTOEEwjyPoECR8qjraz50zmslx3g&s,0,,,,,
8,Domyos,https://encrypted-tbn0.gstatic.com/images?q=tbn:ANd9GcQ0PS36o8zEDaT4CPoN_jDcM1V37UVJbRihorFfFC5rt7wCRQ-_NtBc4unfZpI&s,0,,,,,
9,Decathlon,https://encrypted-tbn0.gstatic.com/images?q=tbn:ANd9GcQcfd-UV8vJ8ujvf3-jfi9yLDVwKETrH8ZsYNXQhd6Hk92_4y2P-gUL_FPTtQ&s,0,,,,,
10,Nabaiji,https://encrypted-tbn0.gstatic.com/images?q=tbn:ANd9GcSYxx-Tn_R-kVqg2niic1UJFUMwhynMb1Mh14uZkie2oRutCseoY-5Dq6wzuKc&s,0,,,,,
11,Newfeel,https://encrypted-tbn0.gstatic.com/images?q=tbn:ANd9GcRe2uMYD8H0uJ_8gGvRas0UQAbsI9r4aK8hJAkL8W6NyxGqgF-reCyJx468hQ&s,0,,,,,
12,Geonaute,https://encrypted-tbn0.gstatic.com/images?q=tbn:ANd9GcQRyDzi4Azf6k4FK9YArwNZxJm8mishqnDl6i5Ch-KgunRoPqDFDMcfbQ3z2A&s,0,,,,,
13,Reebok,https://encrypted-tbn0.gstatic.com/images?q=tbn:ANd9GcTLQDB_42DvqGT_FKmMeQPHMzFa-tmVsRNF9PZerCdkrk7i0C4hx55mssIUv_8&s,0,,,,,
14,Lotto,https://encrypted-tbn0.gstatic.com/images?q=tbn:ANd9GcQqYfR8PpikP4gMxu-BcWnnWKr1sDiK-LfezkM35SdnsKSM_oTZiHHZ4XkAFQ&s,0,,,,,
15,Inkfruit,https://encrypted-tbn0.gstatic.com/images?q=tbn:ANd9GcSD_HLUEV39p7VSMNWW825V6SJ8Qy0rPM_XCubF0OFOSrrARRYef4-cwNVMgA&s,0,,,,,
16,FIFA,https://encrypted-tbn0.gstatic.com/images?q=tbn:ANd9GcQjGgpGstfNy0P6c6MDf9rQ7vACEV39zesJj_mm3gORkUw-c5b33R8TRScKjA&s,0,,,,,
17,ADIDAS,https://encrypted-tbn0.gstatic.com/images?q=tbn:ANd9GcRXz99VGKjTGYUqgHylxbLhZRp_RHE8_uwrU5HTvvfXkGvV7b9YB7_AyBpFxJw&s,0,,,,,
18,Lee,https://encrypted-tbn0.gstatic.com/images?q=tbn:ANd9GcSVYo3w_ferPtemkjWtklL8EFbIf9w2GZ7CvRXAt6YjCO15MWiXr3UB-89AKQU&s,0,,,,,
19,Adidas,https://encrypted-tbn0.gstatic.com/images?q=tbn:ANd9GcRXz99VGKjTGYUqgHylxbLhZRp_RHE8_uwrU5HTvvfXkGvV7b9YB7_AyBpFxJw&s,0,,,,,
20,Basics,https://encrypted-tbn0.gstatic.com/images?q=tbn:ANd9GcTlgJo0o_wnhkbOTG-q_O0nCEeNWQGDttrpkPgg2WZy3bV67Xbswesyz65Z7A0&s,0,,,,,
21,Probase,https://encrypted-tbn0.gstatic.com/images?q=tbn:ANd9GcTNBrD8V82uIRZomWKxX8GuxA2z_vn3WLtaN3Ak25GBWPc7bUVB5sm39j6RpaU&s,0,,,,,
22,Red Tape,https://encrypted-tbn0.gstatic.com/images?q=tbn:ANd9GcQ4YOqMrk7R8dyckS-zU5NKsk_smxY5jTREpsOt-G2EVqdWcjp2kHNOXRB_cmw&s,0,,,,,
23,Numero Uno,https://encrypted-tbn0.gstatic.com/images?q=tbn:ANd9GcRgPX2kuRQYfrrGSQRLkQaWSKYPC-06ytvD9JmW45kI8rIQu0r1XcvWFe82Xg&s,0,,,,,
24,Carlton London,https://encrypted-tbn0.gstatic.com/images?q=tbn:ANd9GcRXSNhHS4YhdJnwgsIAcfiY1F4Rv_nyfYfYs6zTfXer-xKJCUEFQEVYKm7CL6c&s,0,,,,,
25,Murcia,https://encrypted-tbn0.gstatic.com/images?q=tbn:ANd9GcSAO1-cwlWYHhtdyWONnZsqBFANQDJ87qM9G39tjTXk1S_uhZLePKosgr-iFw&s,0,,,,,
26,Disney,https://encrypted-tbn0.gstatic.com/images?q=tbn:ANd9GcTkageJSUo9WEv0IVsQlHENDX6YRRvDSlwNHNfNu9yBNyr7Z6TdniwZKCmx2F8&s,0,,,,,
27,Classic Polo,https://encrypted-tbn0.gstatic.com/images?q=tbn:ANd9GcSgcpqmxANCToqQkU-JwtDX9vJN_FDEZ9KlsyH_yRVIzEU3KyZpLkP3KnsFG7s&s,0,,,,,
28,Ediots,https://encrypted-tbn0.gstatic.com/images?q=tbn:ANd9GcS00ROzSjlrsGmJK39eAU-TfRLL1iHM2xuZo1jXcRUUrwB38HtiGJebFTr6DNk&s,0,,,,,
29,ID,https://encrypted-tbn0.gstatic.com/images?q=tbn:ANd9GcS1VtFq1SzUI_VpTh0RPVu833lJNL8VHQykLZb5tFBE66elOpeIkBekJVXDvw&s,0,,,,,
30,Lee Cooper,https://encrypted-tbn0.gstatic.com/images?q=tbn:ANd9GcTwjnIOAflT9pdT_ZKJ00CN4tAm6J0sPTEUictGSAgKH3KS1zkcvjtsCjHVgQ&s,0,,,,,
31,Mr. Men Little Miss,https://encrypted-tbn0.gstatic.com/images?q=tbn:ANd9GcQabiA5AFekSI9FrhfsaooIYqY_o63ZlO8xFDGXS6kPwwxBlPYOYdeCGhkcPQ&s,0,,,,,
32,Mr. Men,https://encrypted-tbn0.gstatic.com/images?q=tbn:ANd9GcQabiA5AFekSI9FrhfsaooIYqY_o63ZlO8xFDGXS6kPwwxBlPYOYdeCGhkcPQ&s,0,,,,,
33,Catwalk,https://encrypted-tbn0.gstatic.com/images?q=tbn:ANd9GcSzEgFjUuFzs20r4Q2egfzZkMipCnI1GEyBLhVPnnRdhbFQ7-_FEnsZEGJg-g&s,0,,,,,
34,Do u speak green,https://encrypted-tbn0.gstatic.com/images?q=tbn:ANd9GcSk0-wYI2bw7CAAuHrPA3ds0cs8nUku_9NSqAfBXuktUQQaVzjITM76tXtCTw&s,0,,,,,
35,Tantra,https://encrypted-tbn0.gstatic.com/images?q=tbn:ANd9GcRzCVCkf0LP0HVPzTJH-tirrXWwYZ4FOYdiXsVn3NyWqVJAGpy8EXE8xIsgnA&s,0,,,,,
36,Guerrilla,https://encrypted-tbn0.gstatic.com/images?q=tbn:ANd9GcSy6NeB3QDlRQYBe5v62Y_KMdLDiJhrxqqy65f-7Fw_zw598-LccvyJz4DxQSY&s,0,,,,,
37,ASICS,https://encrypted-tbn0.gstatic.com/images?q=tbn:ANd9GcRB0IX2aKoF0b21SDfb42W80LzWpa2_4WE5ZdTxXAn1Q4oH6f7oZ3ba-CB92g&s,0,,,,,
38,Myntra,https://encrypted-tbn0.gstatic.com/images?q=tbn:ANd9GcRv5Egoa7P4RX0Vshd_akYwrZSKPejdKk6P7kdBt04HgRXdO8_aupO1Ltl3sA&s,0,,,,,
39,Skechers,https://encrypted-tbn0.gstatic.com/images?q=tbn:ANd9GcQEXqDPctBRbWjmjJwiOO7RSLgb4kNDRyRQskP5QJ7ObuZ8PcCT-ojb0joNm_A&s,0,,,,,
40,Converse,https://encrypted-tbn0.gstatic.com/images?q=tbn:ANd9GcSx8IcSzB1XFaBV8Dlhr7hcsGioGoEVuzi584R81sFNSBQkFz1KQagj36xlUA&s,0,,,,,
41,FILA,https://encrypted-tbn0.gstatic.com/images?q=tbn:ANd9GcT2r1masr5hhzWjcgXYu9jc4cJB7knlIFwvMHfF0mM5jd7sX0akS3cWvGpOU5o&s,0,,,,,
42,Status Quo,https://encrypted-tbn0.gstatic.com/images?q=tbn:ANd9GcT8mRpHLGhSVaIbaF5aG72CUpH4OA4cPZ-Zc3yvJli-sTmh8oZP_VXssLMZ1w&s,0,,,,,
43,Crocs,https://encrypted-tbn0.gstatic.com/images?q=tbn:ANd9GcR2QygUTgj-37dDOtuLCbWaZCcC69wBzFw0B1PmK2H2XvngDeI5r0gsH2DYVAs&s,0,,,,,
44,Wrangler,https://encrypted-tbn0.gstatic.com/images?q=tbn:ANd9GcTwUDrTIEa9Y5pkVocgxV_qOxJ6riwBNFQaBY33J8SDg2Waf2hu1n7Nv5PckYw&s,0,,,,,
45,Ed Hardy,https://encrypted-tbn0.gstatic.com/images?q=tbn:ANd9GcT4IN5PI3ECet7z6lOMVyFatIXUwoGLlYQSIK5rh_vO5msgYd3FXSDN4_omq4U&s,0,,,,,
46,Urban Yoga,https://encrypted-tbn0.gstatic.com/images?q=tbn:ANd9GcTBT4uWiFp2I0F7_UTWLDXXhPaJuVBE_NtqEAUV5CiUu_nM4nUKR_GUQbqV0A&s,0,,,,,
47,Jealous 21,https://encrypted-tbn0.gstatic.com/images?q=tbn:ANd9GcSx8lp83yvBMWkCrQquYtIXH-75G7aX0AggyvO5uvb5aWVIvGO214psoqEAyA&s,0,,,,,
48,Spalding,https://encrypted-tbn0.gstatic.com/images?q=tbn:ANd9GcTnljTB42XPe4SKBA2nX0NKKIvbropJOT8ygy8r5jtCVUblY5IMCb5PiQ_ksw&s,0,,,,,
49,Rockport,https://encrypted-tbn0.gstatic.com/images?q=tbn:ANd9GcTROpo0Ji5CxTamfA0FZcMCGu26AjDPJd3tT-xH27VZuNl_f-TLUVbYSPhmeg&s,0,,,,,
50,Mickey,https://encrypted-tbn0.gstatic.com/images?q=tbn:ANd9GcTPNYIGGFqf9a1d9aLZAEYeikOjEbO-aYAlJRb29bx8CR0UP9itaJw6rR8ky-o&s,0,,,,,
51,Superman,https://encrypted-tbn0.gstatic.com/images?q=tbn:ANd9GcRUEllC58WXoC4ez0K8xIVO5hpSYMp_1-hiKJ8y5AZq71bg79b7zxaOOtLP8a4&s,0,,,,,
52,Batman,https://encrypted-tbn0.gstatic.com/images?q=tbn:ANd9GcR5iHeto3carWMVM0zsEn2rB87v93w8_nVw8YC5N-trhiiWcwo9BiTOZJF1CnA&s,0,,,,,
53,DC Comics,https://encrypted-tbn0.gstatic.com/images?q=tbn:ANd9GcR_cYOjVzmmG7dhZ1z8e4p_Si0M1Itp33Pte5dxAc3Uvy4HEU2qWn799jEJTA&s,0,,,,,
54,Free Authority,https://encrypted-tbn0.gstatic.com/images?q=tbn:ANd9GcQHE6iaq9YiVDbT7nUKzD50TXdVkydVllUBZWg5BING4fydaddk78BqTki4SoQ&s,0,,,,,
55,Beatles,https://encrypted-tbn0.gstatic.com/images?q=tbn:ANd9GcTSmNfYBVljF3ybh1N5kpiYQ8cu4QgUEn_eHCRYXboLEU0FvobV4EsTPRXzrPk&s,0,,,,,
56,Pink Floyd,https://encrypted-tbn0.gstatic.com/images?q=tbn:ANd9GcRv18zpiVyJ8s57WoNJgCft8WXP1qaRf5h4IPasZOfw2tWbp9xS7lsIy51N_WE&s,0,,,,,
57,Smashing Pumpkins,https://encrypted-tbn0.gstatic.com/images?q=tbn:ANd9GcTWR_2XGc67lKRjK-llnF7V6WNvk9po1rQ77h4VLrGI1EYYGHzFBOIc4AwUg8I&s,0,,,,,
58,Aerosmith,https://encrypted-tbn0.gstatic.com/images?q=tbn:ANd9GcRkUXtPtePRPSvN0aO-73lBv8r3McS73ORbaRkG7OeRuu9A2V5Nt2_hvsfvKEM&s,0,,,,,
59,Marvel,https://encrypted-tbn0.gstatic.com/images?q=tbn:ANd9GcTDDJN50-5rr1gC-NpSrK665CaevKb4DqdqEPVctu3-JkSQvXhEWN4S4DWpmQ&s,0,,,,,
60,Jimi Hendrix,https://encrypted-tbn0.gstatic.com/images?q=tbn:ANd9GcSnEK1QHyoMN3O-7LBPn3OxGkywxvHBBv468WY4XIii8z-29lroWWOHEl0D1Eg&s,0,,,,,
61,Billy Idol,https://encrypted-tbn0.gstatic.com/images?q=tbn:ANd9GcR7Yhfvf7uMUz3v9NFmsFDSX2YUaZhqXYdPgq3i6wuVkq3pUxUCI-ylgm1GT1o&s,0,,,,,
62,Rolling Stone,https://encrypted-tbn0.gstatic.com/images?q=tbn:ANd9GcS8UPdg2MxqpgCEfl_ft4-3hzrxmI852vbzLlRgducj_XDOdz0NIog9zpJ6tsk&s,0,,,,,
63,Nirvana,https://encrypted-tbn0.gstatic.com/images?q=tbn:ANd9GcT-ELENxoVeYqun5FfODory4Dm7_ra-hucT9YFnxyxXqnK_934p65MX0YxQHvk&s,0,,,,,
64,John Lenon,https://encrypted-tbn0.gstatic.com/images?q=tbn:ANd9GcSmix6xApKuQ3UtA-Hmbkx_MGvzO23M2XjpkUgeStZWocNEMytvbRGsRig84Do&s,0,,,,,
65,Wildcraft,https://encrypted-tbn0.gstatic.com/images?q=tbn:ANd9GcSO296HvcsuFM_3G9x1Xv4TK0gtQhN6ssZVPckaecWi8iVqbA2sMUj7In1jk_U&s,0,,,,,
66,Sher Singh,https://encrypted-tbn0.gstatic.com/images?q=tbn:ANd9GcRGVY71mmBfrTdGkku1_9FBPnZNLwl6UWN_d7kWSoKF-hF2APmPT6qMpcpKNA&s,0,,,,,
67,Levis Kids,https://encrypted-tbn0.gstatic.com/images?q=tbn:ANd9GcTNacwqfCDKlTWT6XEbXb-7SLOAosS-h2eLU6lyqscW3ILbaZdJpdk5kWnUzQ&s,0,,,,,
68,Palm Tree,https://encrypted-tbn0.gstatic.com/images?q=tbn:ANd9GcRd9MsjYPjqXXZqVdtMutjR76Pb049IivtM0HwAekxQfCMWWzB1lAUy-QDX6g&s,0,,,,,
69,Gini and Jony,https://encrypted-tbn0.gstatic.com/images?q=tbn:ANd9GcTusbSsIk7IeTz8tSAsSvSEXypQR5W3J70pi7653ROjSWbF5ybvC98xT0wl93M&s,0,,,,,
70,Being Human,https://encrypted-tbn0.gstatic.com/images?q=tbn:ANd9GcRNDXPsp_PBBEZvxd9dJ7-_RXHbO7oWaW4K7npl8MVrhy_A4DMztYVeuKsJHoA&s,0,,,,,
71,DARK KNIGHT,https://encrypted-tbn0.gstatic.com/images?q=tbn:ANd9GcQAjAC4I37L8R7Gsdr72qOlznSWvBujPVPbUNQSSvp0OILCHmRSy_ZkvKq3cYw&s,0,,,,,
72,LINKIN PARK,https://encrypted-tbn0.gstatic.com/images?q=tbn:ANd9GcRS4LL6_c9DGl9dEpx1ZX7IwZGcsKkfF59t-f_fRjcmjpCiR2abBV2dXYy2zQ&s,0,,,,,
73,Queen,https://encrypted-tbn0.gstatic.com/images?q=tbn:ANd9GcQLMB_merSfkBZd7K7XzZtY7oJtnLvXc35UpceCc7OPuOhNQWEeP51vEo9YcA&s,0,,,,,
74,Ant,https://encrypted-tbn0.gstatic.com/images?q=tbn:ANd9GcSalHZD22ZXsxE6XjEy5TnxEQkgbBjTpC04bfIfybe2ZpA99UClwIZCdwbnug&s,0,,,,,
75,United Colors of Benetton,https://encrypted-tbn0.gstatic.com/images?q=tbn:ANd9GcSEDBrvED4Z1-vj44xoVxGnHVteEtMTMa7bthATlfGVFwL6gxuObhlc0gOdtCQ&s,0,,,,,
76,LOCOMOTIVE,https://encrypted-tbn0.gstatic.com/images?q=tbn:ANd9GcQQgHXpb6k-3kauSp5C55ls6NZgSWdzzX-wRs1yK6AqtCsRd1G2TQ8g9XlwclQ&s,0,,,,,
77,HIGHLANDER,https://encrypted-tbn0.gstatic.com/images?q=tbn:ANd9GcTec5i0mjINkmQTGxYVLxwvtO9D9uwXti23c_0evOdddM8DR6_X905Ba892il8&s,0,,,,,
78,SPYKAR,https://encrypted-tbn0.gstatic.com/images?q=tbn:ANd9GcTfH4afYx6bLdEdLSQ5u6HOD2mY-IwDj-5Bti-ajOuvKru-wRytgwlcGGf1XQ&s,0,,,,,
79,Timberland,https://encrypted-tbn0.gstatic.com/images?q=tbn:ANd9GcSZ9uag-VVa6dfzQZNXNkGEqQalhYB2O7AZFskPoKGajfM5tn753_-YMU1Cutg&s,0,,,,,
80,Forever New,https://encrypted-tbn0.gstatic.com/images?q=tbn:ANd9GcS_q1GGqdlmdhR4fvOLXU3MyGjNm7zaKXZlCp8IIzYviMNl_G6cW7LyTDZzlG4&s,0,,,,,
81,s.Oliver,https://encrypted-tbn0.gstatic.com/images?q=tbn:ANd9GcQFF7nvDHwv4Rjl8QwFZPheodO025RDRrHeM-yZyfo8CmpYsRCcUbg73GzmyA&s,0,,,,,
82,SCULLERS FOR HER,https://encrypted-tbn0.gstatic.com/images?q=tbn:ANd9GcSufX2vf3XcAdBSqqMozTizKpiPkR6qCuO6tMQuS5x9-9HnU1d2DvcAR6cJZg&s,0,,,,,
83,SCULLERS,https://encrypted-tbn0.gstatic.com/images?q=tbn:ANd9GcSufX2vf3XcAdBSqqMozTizKpiPkR6qCuO6tMQuS5x9-9HnU1d2DvcAR6cJZg&s,0,,,,,
84,MEGADETH,https://encrypted-tbn0.gstatic.com/images?q=tbn:ANd9GcS2BeAxuFsZrbXepzHFMiVeUBFydJj1V6w0zgP0RzS4aAK5eBEgk19-jOxc1iE&s,0,,,,,
85,W,https://encrypted-tbn0.gstatic.com/images?q=tbn:ANd9GcT16nYRuELiCnfoHKnzE-a-Ncg2PM-jgC3ttiJWCvhBvXpIBZkwzgB2QiQpjA&s,0,,,,,
86,Proline,https://encrypted-tbn0.gstatic.com/images?q=tbn:ANd9GcS1z9P383AlXLr_PqkbHDj9MXCfk14SIDN1V8MS1-2i30zjcvamRYpUGx5ZlXg&s,0,,,,,
87,Indigo Nation,https://encrypted-tbn0.gstatic.com/images?q=tbn:ANd9GcQXojALiWcrhgZUkAwgBf6hpeU1i8RnfMSuVNKFFpDP1nlA2yEkIWB6ACBsrg&s,0,,,,,
88,Provogue,https://encrypted-tbn0.gstatic.com/images?q=tbn:ANd9GcTXClJnc4pwXjl3fuB2M7uPo5CQgyZVn9W9TBNIxTh7jiCbQKxmNbVNIxWa2g&s,0,,,,,
89,Fastrack,https://encrypted-tbn0.gstatic.com/images?q=tbn:ANd9GcTqgaXr_dWpihyBPxgrnf6qboza1puh_HCICRQH-6uTK1U3xoUZMXLyoieBSg&s,0,,,,,
90,New Balance,https://encrypted-tbn0.gstatic.com/images?q=tbn:ANd9GcR7zjoTobX6sR_VVPJ7d8tsoUefAnsaCLw1zSPIkx6LMGbPzvJh5rwGgwkO4A&s,0,,,,,
91,Doodle,https://encrypted-tbn0.gstatic.com/images?q=tbn:ANd9GcSlP5PB-2GmYcsBYy3Nnb4GawiKKhzgdobaaQG8q_EfD-OL7TaUJd954YnPS40&s,0,,,,,
92,Mark Taylor,https://encrypted-tbn0.gstatic.com/images?q=tbn:ANd9GcTt7KEjm_VnbpUN8A_cXH_gtrz1NL_k5-15IxritWjbDaxvdfO2ocAUea4F5oI&s,0,,,,,
93,Regent Polo Club,https://encrypted-tbn0.gstatic.com/images?q=tbn:ANd9GcT3A3a9I8aROcESP39RjcW6kUH3oT9hZjyLGtmUDnDFAWn4cOl8AzcJ762T7g&s,0,,,,,
94,John Miller,https://encrypted-tbn0.gstatic.com/images?q=tbn:ANd9GcQT0C3eWV4lAjLyu8Qsf1DbKNDq_9LzS8M8EIR7MIXuWJtdmEN9pCOW9uRopw&s,0,,,,,
95,Buckaroo,https://encrypted-tbn0.gstatic.com/images?q=tbn:ANd9GcQtGIpUPfzWpBwhmgmioAM6B_kh91aGKEPeRKjk5fKnnEejTuiHaHNUftx3KA&s,0,,,,,
96,Indian Terrain,https://encrypted-tbn0.gstatic.com/images?q=tbn:ANd9GcSXPLbQh6uRxWtdL4Po0sXuouoyJsqshqDUK4-ExFBPqlgzsKC2YuLSI7_fyaI&s,0,,,,,
97,Hush Puppies,https://encrypted-tbn0.gstatic.com/images?q=tbn:ANd9GcQy2MiThA-r3nkgfoatpCLQlnsrrS7muI5h6oFJa8uIF-NAsKgTlDfvmfir9g&s,0,,,,,
98,Scholl,https://encrypted-tbn0.gstatic.com/images?q=tbn:ANd9GcSe6CINFGTjS7nhg9K7UcTZiFQX4gZnS4FuFvuHA8XR3-37yc-aW0GrX-XuPRU&s,0,,,,,
99,Little Miss,https://encrypted-tbn0.gstatic.com/images?q=tbn:ANd9GcTU8NOxSxswo3bU4ModvQn8mmaQDUwApjqu-YcP7lPO_1g7mVD4877L2kMFmbc&s,0,,,,,
100,ESPRIT,https://encrypted-tbn0.gstatic.com/images?q=tbn:ANd9GcSIBwwVF_bbLUJE0QK95Ec5bawzkcjktXO2SCUagQ_734J5OpmwuP6xnXyC3Hk&s,0,,,,,
101,Carrera,https://encrypted-tbn0.gstatic.com/images?q=tbn:ANd9GcSubA-2vlcxX8H-Nbi-YmflyNLRb_05fhggLKRzwr1OOBJF6bDgpOjglzXEig&s,0,,,,,
102,Clarks,https://encrypted-tbn0.gstatic.com/images?q=tbn:ANd9GcSOk1hPhRBhfg-IEEqoAlYQpxOfr-13kZdtluULQYvQ3yxkUiLOmeQELS0EcjY&s,0,,,,,
103,Flying Machine,https://encrypted-tbn0.gstatic.com/images?q=tbn:ANd9GcRG-IoQVg4zG_8U_inze8RswUZaZl_YaJuMS2V_d9PXz9tvR2ahe_7Do2de5w&s,0,,,,,
104,Vishudh,https://encrypted-tbn0.gstatic.com/images?q=tbn:ANd9GcS8O07P3Vdzo0Ow6D5gWAhUBzANxB1MHyCrALPsob5F0Ci1dS5PJA60N_qcGJo&s,0,,,,,
105,Playboy,https://encrypted-tbn0.gstatic.com/images?q=tbn:ANd9GcQa5VQkbKhPJCOZ3_HRVt3J2Ul5PVP4toGfhbFou0JO_lDPUJdC3Fji9DkIFQ&s,0,,,,,
106,Franco Leone,https://encrypted-tbn0.gstatic.com/images?q=tbn:ANd9GcTK99yKgOHPno4hjsO2Qrf_CqVxVNO9d3VwT14r06bd6A5qBetN6l2ttohfSn4&s,0,,,,,
107,Ganuchi,https://encrypted-tbn0.gstatic.com/images?q=tbn:ANd9GcR9DT5yTJ59sI5cw1izVOW3djhyQzNdgONyDXc0b_YpS5dgSVeo9plcSESNtQ&s,0,,,,,
108,AURELIA,https://encrypted-tbn0.gstatic.com/images?q=tbn:ANd9GcSfUBzaNJrJEHbVI1fdBSHDmNRSsOOeTM2Kn8yl0U1WE2EDyk2AUXBPiuHoAeE&s,0,,,,,
109,Genesis,https://encrypted-tbn0.gstatic.com/images?q=tbn:ANd9GcQfu2tAlZW2QDrXUpugRzGa8ripY3UpRnNfseRsfZ8zAST69nAyty7jhuzXCQ&s,0,,,,,
110,Reid & Taylor,https://encrypted-tbn0.gstatic.com/images?q=tbn:ANd9GcTE8k_XuyhH-SVl125U_nbCAltFIqQIxE_NLoUVm2yHOwBTc0P7OGUHAvr7iA&s,0,,,,,
111,Xoxo,https://encrypted-tbn0.gstatic.com/images?q=tbn:ANd9GcSmE_emYc4nC_-3k0HdJSWRYvXRJnQbI7bN18I7T1OvS7EHmT7a6ZNdGWuqQg&s,0,,,,,
112,Roadster,https://encrypted-tbn0.gstatic.com/images?q=tbn:ANd9GcTrgJy21Ah3l7Ovo8Kv11ZhNvM6Aybb9Ws0hxV2jJ4Lgzc06GNWDTf44ZrAoA&s,0,,,,,
113,test,https://encrypted-tbn0.gstatic.com/images?q=tbn:ANd9GcS7K7PSj8I0npwr8lWyzULJQMen-kkophgav9JNUzRopgPOANL9_iX1t_Ynrw&s,0,,,,,
114,Mother Earth,https://encrypted-tbn0.gstatic.com/images?q=tbn:ANd9GcTRYgUbZLSH7Y-dUmrFxbI71iP3rDVw_1tc7dFWAbW94eAUpfK-bEI7c-9NbOQ&s,0,,,,,
115,Inc 5,https://encrypted-tbn0.gstatic.com/images?q=tbn:ANd9GcQSNG36eGbfAah9D3j6XIAmxC5ZZ2W1LZ1zxMXZAIAuyVX388qrco3j1ozJ9g&s,0,,,,,
116,Rocia,https://encrypted-tbn0.gstatic.com/images?q=tbn:ANd9GcT6RZTHdBP8f3aS2o5QZI2tRjR-gscmPndj8RHPAw6KkrlevvX-RUQ5pp-9Dg&s,0,,,,,
117,Chimp,https://encrypted-tbn0.gstatic.com/images?q=tbn:ANd9GcQDt1mYty25Eifc79jb7IJPggp7S4mJ7xXVN4rCYCSFdN8gDoM4bsROO4esBg&s,0,,,,,
118,Hanes,https://encrypted-tbn0.gstatic.com/images?q=tbn:ANd9GcQn1AneQ1WA3kI-o-JrG-KqdqJNK6lF_R13tYUcB5n_yrFJyPWnISfnuHmFyHE&s,0,,,,,
119,Belmonte,https://encrypted-tbn0.gstatic.com/images?q=tbn:ANd9GcRkAfwHZyrYjmCr5CB-zfgJBqaTubcLZGrulWx2vJhcAbcFYDnSUmyik4LAmw&s,0,,,,,
120,AND,https://encrypted-tbn0.gstatic.com/images?q=tbn:ANd9GcSDWjMqviKJt1qIqwlFgCSrPeun7g5QdR2z_7ZPbR9KgJw7Ut4pKobr0pZHuQ&s,0,,,,,
121,Enroute Women,https://encrypted-tbn0.gstatic.com/images?q=tbn:ANd9GcRPPC20R7A31cMIfbKIV12yghA2rcwuDpknZCeO4a5evr3pkDHik9PLjBI_sXE&s,0,,,,,
122,Vans,https://encrypted-tbn0.gstatic.com/images?q=tbn:ANd9GcRYtMaEBgiJK5XPzNToSqI_W8zsoUImCfng7N201TcGXgWDxvDfdZNBJUn0L-0&s,0,,,,,
123,Arrow,https://encrypted-tbn0.gstatic.com/images?q=tbn:ANd9GcQtf3zHVgCvFCKcvIGUMpndgQcC_a8Hc1ms4rCRUcBqKU6GtxaH7C7sFpDjfUo&s,0,,,,,
124,New Hide,https://encrypted-tbn0.gstatic.com/images?q=tbn:ANd9GcRJcLsGhN1xscE57tJmNr4jX1XOVGfy80M8-SPpeeWE0HqaJZDngDz13IBucqg&s,0,,,,,
125,ADIDAS Originals,https://encrypted-tbn0.gstatic.com/images?q=tbn:ANd9GcQc_8b8XtFwmdupitEdCWUU6pt55vkQLWwqtoTawCBsfFMXUHRfUENucW7P2I0&s,0,,,,,
126,Arrow Sport,https://encrypted-tbn0.gstatic.com/images?q=tbn:ANd9GcS8diPMM965YNMMMECufPnhLLbfG1shvRa85Ce59MlXagQgY2uyL-l3y0vjJr0&s,0,,,,,
127,Hidekraft,https://encrypted-tbn0.gstatic.com/images?q=tbn:ANd9GcTS0Nr6mxY6sX0AVODeIOKG5D-wKf0bNmqa9LljdPA4_edvPCmrfVmvu74fBlU&s,0,,,,,
128,Chhota Bheem,https://encrypted-tbn0.gstatic.com/images?q=tbn:ANd9GcSe7TCRta_hd3_wk4YQ160-6lq5-DaIdhu3sy73RMX2cTNwd-T1EAH56p6v4Q&s,0,,,,,
129,Belkin,https://encrypted-tbn0.gstatic.com/images?q=tbn:ANd9GcRAJJHLkZKpWe6gj8nZt9W56N918cIxnQBc79HU0Swtzyl33x6A5rrWmP24yAs&s,0,,,,,
130,Black coffee,https://encrypted-tbn0.gstatic.com/images?q=tbn:ANd9GcR-ZcoyaYpsTBAEHyurVLoi0XyCK0tfwhyeOm1oaBM9ubDhKKEkEcPMWc1Dxg&s,0,,,,,
131,Facit,https://encrypted-tbn0.gstatic.com/images?q=tbn:ANd9GcRDulMkVH_tf3p0MsakLJtvv4qSr_kxEr4BoWLxzXmdjWFj1HrlDCo9sM0HeQ&s,0,,,,,
132,Warner Bros,https://encrypted-tbn0.gstatic.com/images?q=tbn:ANd9GcRD9_Hw_4IIz_Xc7LzpOk15JBjL4i07UOTMJB7KpvwiROZvAg5t0KTELLVHwg&s,0,,,,,
133,Tom & Jerry,https://encrypted-tbn0.gstatic.com/images?q=tbn:ANd9GcTV2JhREqtRQka5CVgQy69UIdlBVVSyfdOvJjuag0XYNJXCeXbEKJwL2DwECPw&s,0,,,,,
134,Turtle,https://encrypted-tbn0.gstatic.com/images?q=tbn:ANd9GcRKVb56rTOdtZZUF-r61A0u1saSeUffCQqiCJk8CR1YAaMEHD1sPfOQGRaBUg&s,0,,,,,
135,Mayhem,https://encrypted-tbn0.gstatic.com/images?q=tbn:ANd9GcRJGEyHOKaiEBdvB-yCjuT8lsAmA7vtea3zs9S7CIakLUNOE0K3ecGgi51GRGA&s,0,,,,,
136,MTV,https://encrypted-tbn0.gstatic.com/images?q=tbn:ANd9GcTZgGNWynno238nfUX9O_JuJRPG2OFchdlkTYSgMXNjJHdOyEqYfJ9dtVMbhw&s,0,,,,,
137,Tokyo Talkies,https://encrypted-tbn0.gstatic.com/images?q=tbn:ANd9GcSJuPhNoLssjNQeSsrf0w2Su84JdiAYUp13-UCvJrINRg8mkFMyAJj9iyMCmT4&s,0,,,,,
138,Enroute Men,https://encrypted-tbn0.gstatic.com/images?q=tbn:ANd9GcTxR1OrXJLKSAZum4kvkfVEqo8XgoHoqRhpZP9cmpB2iao7SO8v4_UBMgm2IiU&s,0,,,,,
139,Levis,https://encrypted-tbn0.gstatic.com/images?q=tbn:ANd9GcSnQFSS2ohgRNJDthqSdUbM7O3QmplQsZlpIjWql-FENQenBgooB1iHks1qOA&s,0,,,,,
140,Peter England,https://encrypted-tbn0.gstatic.com/images?q=tbn:ANd9GcQ40fmhl7Gn1wDt27-JCSAUuIie2g5Y9FK-oE0MdoaOwmTT9ED-CIUh-IzBn3Q&s,0,,,,,
141,Spice Art,https://encrypted-tbn0.gstatic.com/images?q=tbn:ANd9GcTR26-bb8X4oPiWGCcgh4XK5P-a0DtvkWS6ejrvFfHsH9C0wt8Kcxsql0MYQQ&s,0,,,,,
142,I DEE,https://encrypted-tbn0.gstatic.com/images?q=tbn:ANd9GcRLBfVjf04_xm8uNExgCJr-SetBUO5UxtURPSLb719113qjh1xJBRM6lX-VuSs&s,0,,,,,
143,Police,https://encrypted-tbn0.gstatic.com/images?q=tbn:ANd9GcSt3dEaxEe42HLOVjswGv8rtv9DyZeLFbk54K0TwleBGqr0f7GpzvSz8-nop_s&s,0,,,,,
144,Image,https://encrypted-tbn0.gstatic.com/images?q=tbn:ANd9GcTe7IRXEx-NqsAThMqPIwhkK9T1d5XlfFPdWuAe8b934q2x-HO5IRxNiFn328I&s,0,,,,,
145,GAS,https://encrypted-tbn0.gstatic.com/images?q=tbn:ANd9GcRQd3co7K1enESlkzeWXGdOUl618Fi7w9lqqr_-dXAgac4STjjkz2iYmfCS4A&s,0,,,,,
146,Lino Perros,https://encrypted-tbn0.gstatic.com/images?q=tbn:ANd9GcQWw9mV9LFr5s5wTbBrLUr3K1heQApgO5NCU2qTJ12ylrZ2xExZKNKTzlvSQCw&s,0,,,,,
147,U.S. Polo Assn.,https://encrypted-tbn0.gstatic.com/images?q=tbn:ANd9GcRKgXHIGe0SHsP4XDcWrknYUYOA9CwOXh5-w_Kum6iN03jN4AcxOv1b7VSLHwA&s,0,,,,,
148,Pepe Jeans,https://encrypted-tbn0.gstatic.com/images?q=tbn:ANd9GcTi-MCkG3hCrgwgNbvHm0FqD8augQQ6Dw-MIefuIOUsCUCOVdPyutRxa_SKWXc&s,0,,,,,
149,CASIO,https://encrypted-tbn0.gstatic.com/images?q=tbn:ANd9GcQY9iW0OwksFWj7JdY2A_SeBrgXFzzfte0C5zZZniKdTJLhoDGZ7OJU430puQ&s,0,,,,,
150,Beyouty,https://encrypted-tbn0.gstatic.com/images?q=tbn:ANd9GcR0D50RawgZd7INeB3PElemoIqXsWn6igJqcuYMDOz3cXruaxlKein40HYZSGA&s,0,,,,,
151,Speedo,https://encrypted-tbn0.gstatic.com/images?q=tbn:ANd9GcRuC5Rkuc8ly7UAu8rALbuI7TrM-orHTbhloxDAlAuGuu85Ycd0oI8RcXgSYro&s,0,,,,,
152,CAT,https://encrypted-tbn0.gstatic.com/images?q=tbn:ANd9GcTk5L0J5FE8v6wIA5XD4Yb65tszq6g7Wrk7m9dWO17SIq-ywFR9iiig6i2P5g&s,0,,,,,
153,Crusoe,https://encrypted-tbn0.gstatic.com/images?q=tbn:ANd9GcQg5Cmv2b4IA31lUXA6zE2ohAx3ELE3Vxs0CiqWTasCP-SplkplVwsS67AHCwE&s,0,,,,,
154,DENI YO,https://encrypted-tbn0.gstatic.com/images?q=tbn:ANd9GcTNdM5XNM2d63px5aI2EGl-j6L1GQAZY4LR7CBvkWmnPREXOBuDT3g0hQ-M32k&s,0,,,,,
155,Manchester United,https://encrypted-tbn0.gstatic.com/images?q=tbn:ANd9GcRIWqbF2xqTX1Dnjw0moZM5Lvxbz6SQwP75zlton79foYvm_DQbpc_j2DvY8g&s,0,,,,,
156,Aneri,https://encrypted-tbn0.gstatic.com/images?q=tbn:ANd9GcRP9k7CmoCcSSIlKfmwTltmrZvjfPJVCp0-E6rflzMDWFWUoTQCdZMtQDhAweE&s,0,,,,,
157,Wills Lifestyle,https://encrypted-tbn0.gstatic.com/images?q=tbn:ANd9GcSflIoZG15ay_vqvUsM8jU-s1jGGCOPwujG1YjAtp3IgGgDeglXPyHX9fOyE88&s,0,,,,,
158,Undercolors of Benetton,https://encrypted-tbn0.gstatic.com/images?q=tbn:ANd9GcSEDBrvED4Z1-vj44xoVxGnHVteEtMTMa7bthATlfGVFwL6gxuObhlc0gOdtCQ&s,0,,,,,
159,VITAL Gear,https://encrypted-tbn0.gstatic.com/images?q=tbn:ANd9GcSdZdFEjtSUtD_os7Qi_0VIiC6SpXoAunvjKG_zv2PEahLU0BsjUrIiVfp8rA&s,0,,,,,
160,GUESS,https://encrypted-tbn0.gstatic.com/images?q=tbn:ANd9GcSkNhSEz7vX7xsGRbzUu6gT1-KWoQwdl-3e2XPEjvP9P2NeLKunPZzr1kbFPA&s,0,,,,,
161,Nautica,https://encrypted-tbn0.gstatic.com/images?q=tbn:ANd9GcSYAXo6F-ViUceVDqsvpOv2Vvp0ElZy-C6l9BRQThGpcu97QzODsA5pKeTJoA&s,0,,,,,
162,DAVID BECKHAM,https://encrypted-tbn0.gstatic.com/images?q=tbn:ANd9GcQuIWYfD-1k5spFpkwZ69P0M4mWqB7IfpxVyIYP2cCypLUgX7bZJL0ttyr9Ew&s,0,,,,,
163,C Vox,https://encrypted-tbn0.gstatic.com/images?q=tbn:ANd9GcQfy-YPHgKCjGPyAEcDcm5dz1QzcUtqi8uxEYYKpwzd1xET76jtJm3rKuPbqlI&s,0,,,,,
164,Arrow Woman,https://encrypted-tbn0.gstatic.com/images?q=tbn:ANd9GcRB-70JEpE-s4sDABdw0dK2RhKNoC59IqIP5N25c48LYe_L-2PKDTihNqrVHA&s,0,,,,,
165,Campbell,https://encrypted-tbn0.gstatic.com/images?q=tbn:ANd9GcSPeJbWou2CkR9P81duLHdwvgdGF3ldycNi6fpNygDhm9oaibAI03t58q33Sw&s,0,,,,,
166,Quiksilver,https://encrypted-tbn0.gstatic.com/images?q=tbn:ANd9GcQ0Vs22wWZ2w8VsUmVW7q9VjHPUocvWwajuw1mmSpBplxp6CI9VmzdisHAgbA&s,0,,,,,
167,ice watch,https://encrypted-tbn0.gstatic.com/images?q=tbn:ANd9GcSZtm1_L1bKWih12DNM4uAQSSXe6g__a04VvtXwAoHg8z0HnvkXWLyGVOIZGbw&s,0,,,,,
168,DIVA,https://encrypted-tbn0.gstatic.com/images?q=tbn:ANd9GcQPR2XouryPfcwtxGo3EpXXqZdZxe3p_po8KUjvIke-UEilyMX7FYe9jVIlEg&s,0,,,,,
169,Baggit,https://encrypted-tbn0.gstatic.com/images?q=tbn:ANd9GcQJpO2qRV6QvS17AE7Gazgizh_y6nJfByLTU6TvVH9xtcGSqGkbD8jQm9fgVIs&s,0,,,,,
170,Tabac,https://encrypted-tbn0.gstatic.com/images?q=tbn:ANd9GcTchtE2if0JkOByD3lSiW0PgCi5vxdHqIv5n_fPf6obH5EHQHIBo90NSUqVtg&s,0,,,,,
171,4711,https://encrypted-tbn0.gstatic.com/images?q=tbn:ANd9GcQFCvaG-MEY9XDL2XHNlWGKOxhvakC9t39p03QGt_jNLrWDNfdveykVluCsfQ&s,0,,,,,
172,FOOTLOOSE,https://encrypted-tbn0.gstatic.com/images?q=tbn:ANd9GcQuDQvrl5Pn-05jiY16JIzPaGb0nxIj3_tj4YT4DVrXXlUlW0F4HVniAPeKmw&s,0,,,,,
173,Skybags,https://encrypted-tbn0.gstatic.com/images?q=tbn:ANd9GcTw90uAPMXvvF96Ukz34qWza0oPcISHolwJ5d_OpoqUCmTfBg9sgul9qYn3cA&s,0,,,,,
174,Allen Solly,https://encrypted-tbn0.gstatic.com/images?q=tbn:ANd9GcS3gNGRm-kvKi0ZI-lePf4KanfMos8pihzULLGeOPzizLNZLvDah94xfWCJEQ&s,0,,,,,
175,Celine Dion,https://encrypted-tbn0.gstatic.com/images?q=tbn:ANd9GcQWcvP5p6V_dTtoZLL8pRMzIRW-AAl4rsndr4pAd2J3ml21C9QmXhcOaROzwa8&s,0,,,,,
176,Louis Philippe,https://encrypted-tbn0.gstatic.com/images?q=tbn:ANd9GcSvzLICgyznBVcE1bfkc-riJ6Ee3b3huzmMCoJGDCF9teldvUK48ksYQXr7oA&s,0,,,,,
177,Pal Zileri,https://encrypted-tbn0.gstatic.com/images?q=tbn:ANd9GcQ0tG4Qobi-iDFbyzNV8Ian5Uu3S88LT9NgSrJTizc6QmVVHS7G-_q4UPWTrhU&s,0,,,,,
178,Van Heusen,https://encrypted-tbn0.gstatic.com/images?q=tbn:ANd9GcSYL6bxFj3LcUsjovIutxhoryKS7B3T2UkniydDnYKdvOvadgcp0J1P3eS13_4&s,0,,,,,
179,roxy,https://encrypted-tbn0.gstatic.com/images?q=tbn:ANd9GcRIiQoZ8HhNOeQudHDF1bdeUpJFEi-xdhqndIqvPaLfwMM_5GMWI-39RsUqf0E&s,0,,,,,
180,KIARA,https://encrypted-tbn0.gstatic.com/images?q=tbn:ANd9GcRzxoUJ8nK_tK3y_XfzRrCUBNcBZD1yHvYSW9mR5hnIFkBIpfF_NYUe1ULX4g8&s,0,,,,,
181,Enamor,https://encrypted-tbn0.gstatic.com/images?q=tbn:ANd9GcTol_VnWGfZIp7O7_diPcK40PcKbdETi1zaWakSTHyToPIlBjSV1FXdwgNXuFo&s,0,,,,,
182,Fossil,https://encrypted-tbn0.gstatic.com/images?q=tbn:ANd9GcRS_QrxGSH-OpoSkAqcWO4tqo4UI6kk5rPxmcsqZPQZRP3CJIkfcE8UITYtvQ&s,0,,,,,
183,Biba,https://encrypted-tbn0.gstatic.com/images?q=tbn:ANd9GcQ0ftQccPrs__DQyyQj0z33za4M8aoBi2edTNhxTn9O2YR23Zc1mWFycyXo5Ms&s,0,,,,,
184,John Players,https://encrypted-tbn0.gstatic.com/images?q=tbn:ANd9GcRlbkcXb5bJPxYPUzm5rGt61b0w1vEBkFG1YMNBuy8Njze4KQbQNfAkR-02Jg&s,0,,,,,
185,Global Desi,https://encrypted-tbn0.gstatic.com/images?q=tbn:ANd9GcQYWVKsBx_WJqF3CuANyANde9FcCbpgNIISKRmkrXqfAolq8uGuugX6EYgtrAc&s,0,,,,,
186,Woodland,https://encrypted-tbn0.gstatic.com/images?q=tbn:ANd9GcTAFsk6ZMvQB--wrQPgq-FhG2b2unjSKWPcv-pSOqXbzASzbh8dWkt2Pg72Zw&s,0,,,,,
187,2go ACTIVE GEAR USA,https://encrypted-tbn0.gstatic.com/images?q=tbn:ANd9GcSR-EE6dHF-WKH5I-RRLW7F1Xd42xqkTQDWK6Vc5oB8h7V1J1BKSbEIrv5Nsqs&s,0,,,,,
188,maxima,https://encrypted-tbn0.gstatic.com/images?q=tbn:ANd9GcTJI_cx4yMFsIPCB5rEHdqRCRQ5cdXjh3AyGNxjwlegAk1BZTmGtXMI6BNEmrA&s,0,,,,,
189,Satya Paul,https://encrypted-tbn0.gstatic.com/images?q=tbn:ANd9GcRxPf8dsxvBLyiVWmjBOhC_6SZ0tSOerxkq5mD8qfduo2nz82hO-jjb891dnw&s,0,,,,,
190,Hugo Boss,https://encrypted-tbn0.gstatic.com/images?q=tbn:ANd9GcSfEYYIN_Lou6F-ZJJ8WJri1LjWBn1jm0CDIP6Vr0TiBCXuDWC6-Ith10mzCms&s,0,,,,,
191,aramis,https://encrypted-tbn0.gstatic.com/images?q=tbn:ANd9GcRi7KSiCy_B9n1VTVsip-fPPYsSL8hfChWSgT5sdiuNlB8wgqbwXmi8TR3lGg&s,0,,,,,
192,DKNY,https://encrypted-tbn0.gstatic.com/images?q=tbn:ANd9GcSkK2Pr90kQVDRZ4pVwO3ssa5zOnXlJNLvPFVxDfX5KJv__pNeNX3E25qo7TQo&s,0,,,,,
193,dunhill,https://encrypted-tbn0.gstatic.com/images?q=tbn:ANd9GcReMDqKsFj4edCrUA0FOToyu-8bJn7i2Gy93maprmQVCkDIbLrFZq0Y8Ntn_w&s,0,,,,,
194,Nautilus,https://encrypted-tbn0.gstatic.com/images?q=tbn:ANd9GcQ-LGdYEoxDfMsagFhlvkdhvqOHXwFAoDSVYJyys1dNkmo6lJG4qVAt0eQyN9g&s,0,,,,,
195,Baldessarini,https://encrypted-tbn0.gstatic.com/images?q=tbn:ANd9GcQi_W3GAzKHVbM2CLd8eeAgOcZrgEjdgiSSuBchAmbtu9KAgDDMkrtmEQrS4g&s,0,,,,,
196,BOSS,https://encrypted-tbn0.gstatic.com/images?q=tbn:ANd9GcSfEYYIN_Lou6F-ZJJ8WJri1LjWBn1jm0CDIP6Vr0TiBCXuDWC6-Ith10mzCms&s,0,,,,,
197,Nike Fragrances,https://encrypted-tbn0.gstatic.com/images?q=tbn:ANd9GcTlanM2dNKeJlzWsEu_UyqjlfapNFNY1e0Tk3LjElYurlwvqiQsiSFaCIKYfQ&s,0,,,,,
198,Music,https://encrypted-tbn0.gstatic.com/images?q=tbn:ANd9GcTbv5LXh4gXWZgYap7lNzh6HvAzCShrJMVaR2ObTYvOm3RorsJarhh_4g68VYs&s,0,,,,,
199,Ray-Ban,https://encrypted-tbn0.gstatic.com/images?q=tbn:ANd9GcQQcebiQhOdAIT-k-YtNGzEr8mprplPLxKYRw-CmYruhNA4xj3FEDFh9PenoQ&s,0,,,,,
200,OAKLEY,https://encrypted-tbn0.gstatic.com/images?q=tbn:ANd9GcQSVf-tMw7Z2K5kU-i_7W5_qywXkNmxhpiZ6LMauPV_ppS9m9OkpEBbTGknKg&s,0,,,,,
201,LA-EMOTIO,https://encrypted-tbn0.gstatic.com/images?q=tbn:ANd9GcTZlzTsGmVvtgGwU_BfGfdl0caQiNyUJeHeQqWsiXxUmBbaspGm8Ic4GcjQHzk&s,0,,,,,
202,Folklore,https://encrypted-tbn0.gstatic.com/images?q=tbn:ANd9GcQEd6LdmsHzmPbBEJZ6tl-UGF-50jIvjpBp4DqMibfgziUW7A4_nj2i7UpvMQ&s,0,,,,,
203,Pacific Gold,https://encrypted-tbn0.gstatic.com/images?q=tbn:ANd9GcT-z9DXteaOKRZ7WWJmd_zq0CRJLlO-Ljd4qO-vqrhorjjxeh8U0XvRfkBJUQ&s,0,,,,,
204,Mumbai Slang,https://encrypted-tbn0.gstatic.com/images?q=tbn:ANd9GcQ5sK_kx8mk7YaCMT5IZbn44Tfco5ABMyOugBwP2P8KMtQGLZNLiN16pTB2TQ&s,0,,,,,
205,AMERICAN TOURISTER,https://encrypted-tbn0.gstatic.com/images?q=tbn:ANd9GcQqlmQtBZG8QO-fvg0exbwzq5b2ZoiTQuwykZoq_RWQDC182eEsYeCOEdJxvjM&s,0,,,,,
206,Femella,https://encrypted-tbn0.gstatic.com/images?q=tbn:ANd9GcRmkgwccJxMrUeY1qYIU4hBbB-MNm2KRnjEsdmCx6Gs-no4RA6B5fXBpEI5KQ&s,0,,,,,
207,J. DEL POZO,https://encrypted-tbn0.gstatic.com/images?q=tbn:ANd9GcSjDBS4q4R7AEjAufceb40LOEOvckJsER0QO4uEW0u26HN3G_bdefaMj2zw2Dg&s,0,,,,,
208,JAGUAR,https://encrypted-tbn0.gstatic.com/images?q=tbn:ANd9GcSJBwxy4jPWNX_11Dsv4LYZU1251_0Vb1hCb9jfWpC69i4bqe4fbEMnLTRDSlo&s,0,,,,,
209,Paris Hilton,https://encrypted-tbn0.gstatic.com/images?q=tbn:ANd9GcTLtMCn5AS6_hkaEBiY2JLFwZZsux3nzMxMIQjzqhZItMbk-Xg6N2aX8S6T2g&s,0,,,,,
210,TOUS,https://encrypted-tbn0.gstatic.com/images?q=tbn:ANd9GcTh9y0YMx4zNc5KiDgMvvNBIIOLmUcEWF8OLTmqNcVdCc24TPN8wmChfr4Mqbo&s,0,,,,,
211,Slazenger,https://encrypted-tbn0.gstatic.com/images?q=tbn:ANd9GcQciLPt1jPtWQoLa9yK4jEydWOkDB1z_STDkU4Gu9lCdhDbHMaruO12udsRRw&s,0,,,,,
212,Formula 1,https://encrypted-tbn0.gstatic.com/images?q=tbn:ANd9GcSw_WOkz0VqEFo8v2CE-6iWg489Gc0cS1qYz1g157QDfQeKU43oMEJsU40MRg&s,0,,,,,
213,PERRY ELLIS,https://encrypted-tbn0.gstatic.com/images?q=tbn:ANd9GcToE8E5dGalGOB14FlDTSoluzkekZfJNojdbXc6jP4altJ5r6VN4Q419fBqYzs&s,0,,,,,
214,Calvin Klein,https://encrypted-tbn0.gstatic.com/images?q=tbn:ANd9GcRcwHx4DlfJfagDsBkCCtM54dJsizMJKYbv6AEJeYWYKGzL6fk7u2HI3gwXrQ&s,0,,,,,
215,DAVIDOFF,https://encrypted-tbn0.gstatic.com/images?q=tbn:ANd9GcRUxIY9RwYOfXrwSi-4VwTwUk3YZvLsAP8QdsSfW_Hi69ONZ16T25zBn0gT_qU&s,0,,,,,
216,yelloe,https://encrypted-tbn0.gstatic.com/images?q=tbn:ANd9GcTdnlH1bizAKl-zonx7ZVTI844TncrwsYBhQfupZEG-JAJzndGvDJpOjEfXYw&s,0,,,,,
217,Miss-T,https://encrypted-tbn0.gstatic.com/images?q=tbn:ANd9GcQwwbPutLDSYDAYglyS1DbSCNtM42us8v_r4iKDAK82aTOjDnnDHBQ2N8bTY08&s,0,,,,,
218,JOVAN,https://encrypted-tbn0.gstatic.com/images?q=tbn:ANd9GcQNfoK-w1r48L4BFnz6hnV4A-AT9Nz8o2v6S5VD9jeOVgdQhRXOyYhQm_Nqsw&s,0,,,,,
219,pierre cardin,https://encrypted-tbn0.gstatic.com/images?q=tbn:ANd9GcS9Bqbes0TN7c0LDdGkQ9edXIDEzQVgKLkfqjmanmwAnut2k96Ohna7bbFurIE&s,0,,,,,
220,MISS SIXTY,https://encrypted-tbn0.gstatic.com/images?q=tbn:ANd9GcQ7yKn74KoKdBXPklSbat4c0WQts_Ebmh1NjXO1MyVl9UfLG6O0EFlEBROi0Q&s,0,,,,,
221,Kylie Minogue,https://encrypted-tbn0.gstatic.com/images?q=tbn:ANd9GcT9sgfiLUZvYH3fqwYp4YtUmKuTMWfU3d2F9hvE9sCBUHnCdmS3lgb_lD0Yog&s,0,,,,,
222,Jockey,https://encrypted-tbn0.gstatic.com/images?q=tbn:ANd9GcS4dRvYuYHS8WTn-ohlsZv60MoJ8inYUqcmJGQB-xAI4hzkVMMXJD_YkMt2vmQ&s,0,,,,,
223,CHE GUEVARA,https://encrypted-tbn0.gstatic.com/images?q=tbn:ANd9GcQiTNw0YYL6A895a7IbLsY0WwCxkWEwsvq2I1dF7XYVhDQ5C-GAGt4pmGjShcI&s,0,,,,,
224,BULCHEE,https://encrypted-tbn0.gstatic.com/images?q=tbn:ANd9GcQeJDXTXlqrFiVleaYQm1cXiF9SeKUwDhnLcikzYLeTIAJKtuzG86JF3ZSQlFI&s,0,,,,,
225,YARDLEY,https://encrypted-tbn0.gstatic.com/images?q=tbn:ANd9GcQfgSGZR1Ty1C7gm7E2E7XNJJLclDSB9vRdD3aLGX3vMG-3kaXm8ZMKjBAh8Q&s,0,,,,,
226,Secret Temptation,https://encrypted-tbn0.gstatic.com/images?q=tbn:ANd9GcR1gQct8_HjriiTfVlHqsUWqedxjlgEfIPnB4gc0Rn9YIl1Z6DIkoX6avdYMw&s,0,,,,,
227,Park Avenue,https://encrypted-tbn0.gstatic.com/images?q=tbn:ANd9GcTI1sWr87V8iV49YpPKs_rc0k6e_WOvfk97JConTqvje92rx1znBl9PpOTwAzk&s,0,,,,,
228,Wild stone,https://encrypted-tbn0.gstatic.com/images?q=tbn:ANd9GcT1ahRZJb2LsxurW790cK5yDW3iGKK_z2YY8OTc1ivIa8mGM-seLbwUqFDuF4A&s,0,,,,,
229,Fogg,https://encrypted-tbn0.gstatic.com/images?q=tbn:ANd9GcRt-ramnrGaxUzWoBXKX480wpKxGB-o1OWRlblD7iTpMMd2-4u0-VPwnDdsOfs&s,0,,,,,
230,18+,https://encrypted-tbn0.gstatic.com/images?q=tbn:ANd9GcRatnAac7G-HUoxQLnfg8llDbcPor2ydHdVGUe2jv4SexgYCYIv0w_8T1CrKjI&s,0,,,,,
231,Gatsby,https://encrypted-tbn0.gstatic.com/images?q=tbn:ANd9GcRaI5lH_r4-vVInbiUSTbx334o3Z_agcxPA3a9KyA9i9mkRNoBK-AMg17Tmrg&s,0,,,,,
232,Old Spice,https://encrypted-tbn0.gstatic.com/images?q=tbn:ANd9GcScPhZyOmbcPtQCxZhOJPr3CpPjbaKWMxu6vCMi2JFEGhZczJS29b_cLz1Rnw&s,0,,,,,
233,Denizen,https://encrypted-tbn0.gstatic.com/images?q=tbn:ANd9GcQl41Ov03GK7AiZNvFoX9dqieyZa_79YyMZI4PFX60Zsokvh7TVK5afWGfELQ&s,0,,,,,
234,CABARELLI,https://encrypted-tbn0.gstatic.com/images?q=tbn:ANd9GcS7wSnlaVvqz0odExxEyuy-rIibuioUV3jOMPvGiGgREJFMqUOdxgKnwcyEIg&s,0,,,,,
235,vogue,https://encrypted-tbn0.gstatic.com/images?q=tbn:ANd9GcSdYg8nNhfl-Yzpg_cqBkR42_b4Q09EuMQPAniq_Ep6Dy4RZ79YHX26GTfPiw&s,0,,,,,
236,GIORDANO,https://encrypted-tbn0.gstatic.com/images?q=tbn:ANd9GcSGFDs4hGwOMruxYCAU1w0OoFVr3OuzqgOwK2a5SJbiedVziQ_GyD4JfwUHtg&s,0,,,,,
237,ASPEN,https://encrypted-tbn0.gstatic.com/images?q=tbn:ANd9GcRaax5Xpbho35kFwqu7jjlhobCPJ4Jla7efuux2Na-1wv7e2T08r_gkhVFCaQ&s,0,,,,,
238,Kenneth Cole,https://encrypted-tbn0.gstatic.com/images?q=tbn:ANd9GcS0HJe0ka1rWe0BnGh772lUlZI7hOjgTNWlWdG9tVn6sDmU5m7EkJY_GdeAvA&s,0,,,,,
239,SKAGEN,https://encrypted-tbn0.gstatic.com/images?q=tbn:ANd9GcRZfkIUpkoFisbjKa06Ug1Dnrv0KVQtUMw7IXvvLGnFwryNASYqHE0JWa2SI00&s,0,,,,,
240,Lovable,https://encrypted-tbn0.gstatic.com/images?q=tbn:ANd9GcT6r5eAKqOJY7Nt8oEc9DIQX4VzESSAprg52bWQnElASEyrCcn1wAVp1olNaw&s,0,,,,,
241,OPIUM,https://encrypted-tbn0.gstatic.com/images?q=tbn:ANd9GcQ9RwW5jvzuZL2H6fRSSLnDt18lVivunjShJ_4i13IFiooNQXne94vQv98ep6E&s,0,,,,,
242,Fabindia,https://encrypted-tbn0.gstatic.com/images?q=tbn:ANd9GcS7Kmu0D-CA6_MVNdqHhllH_0jfzrVuSvYYOEguL-smYt52wgxc7YwTbub6gg&s,0,,,,,
243,Azzaro,https://encrypted-tbn0.gstatic.com/images?q=tbn:ANd9GcSS91SsubDEgvANxY4BijLfpl3kBeWA_YN4dTNALM8NLmAuAdS3zYi7YJwX6A&s,0,,,,,
244,Cartier,https://encrypted-tbn0.gstatic.com/images?q=tbn:ANd9GcSyNRlAWc0uG6CFi2gwcrtWgcZj-_wOHm_nGO9LYDcGtiE4gu9R_rt41KFDIA&s,0,,,,,
245,Dolce & Gabbana,https://encrypted-tbn0.gstatic.com/images?q=tbn:ANd9GcTb8pToUpNR-qY_SJacuFTcKD73imHsfGpYBc1V6sS0tEweEvfT95kGMDLGSA&s,0,,,,,
246,Ferrari,https://encrypted-tbn0.gstatic.com/images?q=tbn:ANd9GcQAb4X54Vxu9L9XVzCE9fZovdP-sEYsk7OEFsXjtSzdHwW-3zL5tfmxOwSjD4g&s,0,,,,,
247,Issey Miyake,https://encrypted-tbn0.gstatic.com/images?q=tbn:ANd9GcTmbOy5kJhMPntZNKEsdlXn75SC4SG5M1bA-oDaP_bWBY6QPeOxUxTXRgsDDQ&s,0,,,,,
248,Versace,https://encrypted-tbn0.gstatic.com/images?q=tbn:ANd9GcRRErUw5kzLb9jGT4YhCiakUaH_NgrsxJUAYxgvZJU4Lv3rCOUblo0C_ronzQ&s,0,,,,,
249,Arrow New York,https://encrypted-tbn0.gstatic.com/images?q=tbn:ANd9GcS_2_CBClpfNu6kyrnoTiLfESFfa2Wdz4VpZAhtsIClxt0ZDVS8g38NGs-PpN8&s,0,,,,,
250,Titan,https://encrypted-tbn0.gstatic.com/images?q=tbn:ANd9GcTxP2tsKd4GYgcakwOyBAeFXJreB05PgXWKsoMwCYU2YCRbBtWZ5IAsGnOIW0g&s,0,,,,,
251,Heart 2 Heart,https://encrypted-tbn0.gstatic.com/images?q=tbn:ANd9GcSGafnL369Td2LPa47Qf1R9YXtE6UBVpVmm-u0DyV_v62RqktiCJSj2NsBMEg&s,0,,,,,
252,Q&Q,https://encrypted-tbn0.gstatic.com/images?q=tbn:ANd9GcSsidiRkTR3bhS64iaTCydYcFyhhgtIMH6-tYrNFA7QCYCYNv6-5dQTvxavbZ0&s,0,,,,,
253,Tonino Lamborghini,https://encrypted-tbn0.gstatic.com/images?q=tbn:ANd9GcR8NxFX_hEUZzJ0iJbaTOJMLvajt4WPIMWnFtmV4RtmeoW7dx1d73VGquci3fo&s,0,,,,,
254,ONLY,https://encrypted-tbn0.gstatic.com/images?q=tbn:ANd9GcSNcqfHh9QkmfpdmutD55W_8v0Z8MjertTSHZ41ARI0LDBNrpmpUb1InP1GVGU&s,0,,,,,
255,Levitate,https://encrypted-tbn0.gstatic.com/images?q=tbn:ANd9GcR7avPDx7CDwu8LXDq4IHdte5TKgoFjYJIX-E7mfd5eeP4NdJ7-nr30jppFhr4&s,0,,,,,
256,iPanema,https://encrypted-tbn0.gstatic.com/images?q=tbn:ANd9GcRL6aRJ0epDWWsM2uJQXGp5kimfrtTifdl9Ckr8J9Q3rJQrn6TNlc9ByHtcUQ&s,0,,,,,
257,Grendha,https://encrypted-tbn0.gstatic.com/images?q=tbn:ANd9GcQhXjIrTFJl__u7vsv7xy15V07UuxEYYeERbJv31mrvl6Al1CEEFAS2Uc6c6w&s,0,,,,,
258,Allen Solly Woman,https://encrypted-tbn0.gstatic.com/images?q=tbn:ANd9GcT5C_22UFCAtQ_KdeIv5Nj8Tt7CSX0JgQBdmFOrVzRMGCCuKHIo3Br1R1OgCQ&s,0,,,,,
259,Van Heusen Woman,https://encrypted-tbn0.gstatic.com/images?q=tbn:ANd9GcT5ecEq742b5b2tpcFpwiti9xEExBod2wr38uKtGfTgCI0KpOruxyn0Cf7WTw&s,0,,,,,
260,Angry Birds,https://encrypted-tbn0.gstatic.com/images?q=tbn:ANd9GcQZfSYEGkonNw2Qc_QJKJi6QVO_wezpHRS9XNrQSC81D17EN-JFMLr5v6L4mDk&s,0,,,,,
261,U.S. Polo Assn. Denim Co.,https://encrypted-tbn0.gstatic.com/images?q=tbn:ANd9GcRlWWCNaYWMQ2Z7zyTSmZr-o_Bh2P9UcA6dvTBQS8CR3kru1h6bBczXO5Z2sw&s,0,,,,,
262,Sepia,https://encrypted-tbn0.gstatic.com/images?q=tbn:ANd9GcSPp-Vn3kuOU7fwmhKgjhDX1Nq1yRYuQ4s-dFGAECC3onML9MyrULWyvquqjwU&s,0,,,,,
263,Jack & Jones,https://encrypted-tbn0.gstatic.com/images?q=tbn:ANd9GcRZdlsn2Lh5xuwCzLgSky_6Mx4M4UXym13rLrt3V4Bb8ed-4JA7om7PZ_Z86Xk&s,0,,,,,
264,Homme,https://encrypted-tbn0.gstatic.com/images?q=tbn:ANd9GcQfA6SJq9ZsJJxAaUtHxbDgfykP9bko09SzLKEJuaeJqZZovwx3lFon5leO8z4&s,0,,,,,
265,Cobblerz,https://encrypted-tbn0.gstatic.com/images?q=tbn:ANd9GcQSbPQIdBtfYpGVum0Af725dxAG44TaC2XjZuAXhhvnV7tLKQjLWBkni0WT9Q&s,0,,,,,
266,Timex,https://encrypted-tbn0.gstatic.com/images?q=tbn:ANd9GcQLqJTa10d_HwmuGpEkogdh6eKKu75TCUU6391ATVP0J0Fc1ZYVQytJzkfePg&s,0,,,,,
267,Pieces,https://encrypted-tbn0.gstatic.com/images?q=tbn:ANd9GcRsdqS_IexsLLjkdQIMdUB5xslnfK6WthrjmlFBlmpOWutFvPPD1umlGzLFVQ&s,0,,,,,
268,Vero Moda,https://encrypted-tbn0.gstatic.com/images?q=tbn:ANd9GcQ1DkV4lTT3PDSalm0cGKIPgNxW2Npqzqt5-_9p3rCXQBc0xicrvQvyeyJub60&s,0,,,,,
269,Citizen,https://encrypted-tbn0.gstatic.com/images?q=tbn:ANd9GcRmQnSniP6vhYqU_-kgym18lS_TOIwEM4k78fnwBQ7s5LIf5VgByc_u9NKEmA&s,0,,,,,
270,Tonga,https://encrypted-tbn0.gstatic.com/images?q=tbn:ANd9GcRg8lBoWHN5j7HULi7oY9Cr13TjWdmsVZyBaLqXmZpcWlF3g1m4aVGwJqmdz3c&s,0,,,,,
271,Allen Solly Kids,https://encrypted-tbn0.gstatic.com/images?q=tbn:ANd9GcTNCvhLsdLTlKOnagdNrHefxP3qS_EF0yKqPQerVRr_xtW4xbQtJAZ_EQdS_V4&s,0,,,,,
272,Be For Bag,https://encrypted-tbn0.gstatic.com/images?q=tbn:ANd9GcT70yruP_U_vKktaSYOH8itCsyjjs0IirOi_VYvFEe99FRvGgMh-Q9czTsFInI&s,0,,,,,
273,Envirosax,https://encrypted-tbn0.gstatic.com/images?q=tbn:ANd9GcTg4yuoYcoEwQhjFnplQWYNa-abyRPRALXIJ7Cfj18AtTktgdaT1BiN_8h05yY&s,0,,,,,
274,Windsor,https://encrypted-tbn0.gstatic.com/images?q=tbn:ANd9GcTg4jzPMuhPQG4K25i5X2fQCvJoVOVxN8Sa6avOI6cFonP7fJUo7KRUpLcvhFM&s,0,,,,,
275,Coolers,https://encrypted-tbn0.gstatic.com/images?q=tbn:ANd9GcRAdfTzY5uQuCsLUQHmnLA_eIGTdYMCdP3_wMMKlephLJH3ODhGG_uR-F6H7g&s,0,,,,,
276,Fortune,https://encrypted-tbn0.gstatic.com/images?q=tbn:ANd9GcQ4rwrs--Kg6bmOb9FC4wvYJwXFTvI7Xxk2xodJLd7584iF-FM96ocIgo5q2g&s,0,,,,,
277,Suunto,https://encrypted-tbn0.gstatic.com/images?q=tbn:ANd9GcS7zTXAEB52bxzDy5gN9wBAeqln8h034WOtuF3thDinlgsqTQv-lzMLoI6FHQY&s,0,,,,,
278,Senorita,https://encrypted-tbn0.gstatic.com/images?q=tbn:ANd9GcTDVIw_WpWLltz97ruoviPY53PJJLQBuUFuJ7a4UVI8ZH6RgENu_4AZBm7Jd-4&s,0,,,,,
279,Enroute Teens,https://encrypted-tbn0.gstatic.com/images?q=tbn:ANd9GcQJMiiO9DY8KSl20yB2fMjMiWpAKWxNYGPuS2Iavv5BitC3bO2yfdYTSASqzQ&s,0,,,,,
280,Stens by Enroute,https://encrypted-tbn0.gstatic.com/images?q=tbn:ANd9GcR0V5NDE1sh5nEFGhGLrTvaILL52EmDRN664ezQGCJFRAEh7DDGIAyJReILmcc&s,0,,,,,
281,Bata,https://encrypted-tbn0.gstatic.com/images?q=tbn:ANd9GcQqAAOSVU2gwEDf7lVRklkdpOChAwF3uwHCpTPfJXMeOYkCr6hrh8WMiDnJcg&s,0,,,,,
282,Gliders,https://encrypted-tbn0.gstatic.com/images?q=tbn:ANd9GcT46f3gBTesHN-1OtR2xQY-BaanZaaEEL7NXNalLtLECzBC-8Jt1DuunEAlGd4&s,0,,,,,
283,Force 10,https://encrypted-tbn0.gstatic.com/images?q=tbn:ANd9GcRKNmzkzu2Tm3DqOEX_XdtAwufnDnt73BF7QAqvk62JGD5M7quiN1QtXDZqVRk&s,0,,,,,
284,Kelme,https://encrypted-tbn0.gstatic.com/images?q=tbn:ANd9GcTuBZe0IGhRXq7TfvfsQ4JzW8RAsdxhzt4Yr45M4tjuNE7YJZPyHKAhvw5IAA&s,0,,,,,
285,Jungle Book,https://encrypted-tbn0.gstatic.com/images?q=tbn:ANd9GcTRJGqUVqcMegK7ek57f7-9lHNTPyLJN1qlSfG9jFjLpcSM442eMR7de_G0pCc&s,0,,,,,
286,Peperone,https://encrypted-tbn0.gstatic.com/images?q=tbn:ANd9GcQGg05ax8vNEtvYq9-Ker5-z1HfhCqsulCq8bE1zUAlpcSMxOQV4NMMo0VBOcQ&s,0,,,,,
287,Salomon,https://encrypted-tbn0.gstatic.com/images?q=tbn:ANd9GcRjBM19Q4sxYDXrm4c8VgDizomdbA6l83b463-5wwE6mVrbapSXXg_tNLIfPbQ&s,0,,,,,
288,Ben 10,https://encrypted-tbn0.gstatic.com/images?q=tbn:ANd9GcRi0yVDnIUZlDZYViBW60Ig0gGamb5HP72McAAGE1p_viwj4aZJhN2sNg7r1w&s,0,,,,,
289,OTLS,https://encrypted-tbn0.gstatic.com/images?q=tbn:ANd9GcToF9N5hu2fRlVuewTqTU_EI7GR1KzZx6rIKLvrZf0zU3nSC6Dvzl90L5LtlDs&s,0,,,,,
290,SDL by Sweet Dreams,https://encrypted-tbn0.gstatic.com/images?q=tbn:ANd9GcTWKKZUFjtnTYBjfDumf2H03dvwza7iUVHBGjmcynWrwnNuuWxhh0EBtNbmLmU&s,0,,,,,
291,Strapless,https://encrypted-tbn0.gstatic.com/images?q=tbn:ANd9GcSoUSOo5XZ_FzqnhGyjtFN5OKPnq9FQixRy16RQZh2AcDITGe4HdsfzXzOm9-A&s,0,,,,,
292,Spinn,https://encrypted-tbn0.gstatic.com/images?q=tbn:ANd9GcSBWHI4cheU6xBPc26mvs8w2xVNisWmhxcyruhJOrxCNjdKMUJo505iMM8ExQ&s,0,,,,,
293,Paridhan,https://encrypted-tbn0.gstatic.com/images?q=tbn:ANd9GcQXocK_86aFLEP2O_uzkktUIxWAsqk2R8SAaHtx8_p6s8sFPQOkJ1g3zcMX6TA&s,0,,,,,
294,Nina Ricci,https://encrypted-tbn0.gstatic.com/images?q=tbn:ANd9GcR6iZiGi4A5C3Si6d5vbWeq6BYMidkfTvug0J4-ZnNvMaqVt6Bmzg57Pcy0wg&s,0,,,,,
295,Yves Saint Laurent,https://encrypted-tbn0.gstatic.com/images?q=tbn:ANd9GcTliCmN7d1NfHjzWrdE3RY8M9knaUrZ_n7KqmJCe-Yy78hySNLOukHvI_t-J3Y&s,0,,,,,
296,Burberry,https://encrypted-tbn0.gstatic.com/images?q=tbn:ANd9GcRyw_GV9zgSB0cJfyfDfrSw6BpDbNSQDFFa2eYnQxv6iPY2N1Jw9hxR4ogo9iI&s,0,,,,,
297,Salvatore Ferragamo,https://encrypted-tbn0.gstatic.com/images?q=tbn:ANd9GcTQeiYcu590RK0UxhgNkMs49o-WAjB0l-XGKVvLLtKnTcxNUcYR5GEFrctzCg&s,0,,,,,
298,Bulgari,https://encrypted-tbn0.gstatic.com/images?q=tbn:ANd9GcT3EbiMvGAVSAmuIY6pfACu_BKNgpdfsXS0RB_k2hixBq_Kuw-SRVWLwYu7Ggw&s,0,,,,,
299,Mont Blanc,https://encrypted-tbn0.gstatic.com/images?q=tbn:ANd9GcRyuxKzHJNtcMJjn0X4zCM41E3xNANNuD6wPosa5y-6rskAULzXhMdtZR1jDg&s,0,,,,,
300,Estee Lauder,https://encrypted-tbn0.gstatic.com/images?q=tbn:ANd9GcQG7WF7_CP7MPOfcd1E-Mh8XYlvI7ybFT5SrwA8a1rjIMKkKkExUIjMHl0urA&s,0,,,,,
301,Valentino Perfumes,https://encrypted-tbn0.gstatic.com/images?q=tbn:ANd9GcT6_1wQvMDpw3d5g6KMFderuVUPu5ty-Jnr-yVAN-6N0tQzSibIDCzzS0Ywhg&s,0,,,,,
302,Giorgio Armani,https://encrypted-tbn0.gstatic.com/images?q=tbn:ANd9GcRqfOJLnjPBwtQVdVnJKgkgcvnyQzbjzP7dx-grLRJLL5ovUbstWlszd8Vcrw4&s,0,,,,,
303,Ralph Lauren,https://encrypted-tbn0.gstatic.com/images?q=tbn:ANd9GcQxK_AGwmRdPJ7-CLyOq4SZNiBsK-DaDsi8GfnZpukPsj_pbM3hbBbUJlSiCg&s,0,,,,,
304,Carolina Herrera,https://encrypted-tbn0.gstatic.com/images?q=tbn:ANd9GcReJ7SE2CuSGLabM8DirrBIzAH6StrMC_m6U6aml4NdYgGkCJ7E9X_Kpia5TA&s,0,,,,,
305,U.S. Polo Assn. Kids,https://encrypted-tbn0.gstatic.com/images?q=tbn:ANd9GcRIyRZN0h2UlXThN_yIUJ8Jp1PjC-JLfAHuAoU6g8T2gauxTJUaqTnO4Pd5Svs&s,0,,,,,
306,Madagascar 3,https://encrypted-tbn0.gstatic.com/images?q=tbn:ANd9GcSbhr2PYiS8kRxZ6a_O_3fVlDUqSvgfcLXbtiPUjFP2CC27-LLAbCJHh7_yjHc&s,0,,,,,
307,Happy Socks,https://encrypted-tbn0.gstatic.com/images?q=tbn:ANd9GcQw58yeut5_Ez-aHjeEAV8IrRNu-duSzjrlPM3e0mgqJtfbllE0wt_KOED9uA&s,0,,,,,
308,24,https://encrypted-tbn0.gstatic.com/images?q=tbn:ANd9GcRuFspB4i5qZZuMvtILh6jniCh5Zc1SfZpiKtc6_2ZyqyLcIt8IaVJwpddMxA&s,0,,,,,
309,RNC,https://encrypted-tbn0.gstatic.com/images?q=tbn:ANd9GcTfD7gg0IkkvBh38H2bTDZf4o80v4ZXpR32NL45u6IutCEIiJpkC6YzdElQAnM&s,0,,,,,
310,Mineral,https://encrypted-tbn0.gstatic.com/images?q=tbn:ANd9GcSDDXQsgAlkb_qDMQYfLO2DtZUfI9dj1ovPdDFR6ciSLiqhtiInSiIYQ9pV_g&s,0,,,,,
311,Miami Blues,https://encrypted-tbn0.gstatic.com/images?q=tbn:ANd9GcQ-AnId8PFXFJe181h2OOkni_AXj4yTS1y3xVTuEcsCXzrAQoRc_G3ihhDfTgA&s,0,,,,,
312,Polaroid,https://encrypted-tbn0.gstatic.com/images?q=tbn:ANd9GcRpaTNuMshvpmelAh_JPOfBvKkFCrLVm3o0LT1vhKHMvcRQuoPkGf0-lhzz9xs&s,0,,,,,
313,Kids Ville,https://encrypted-tbn0.gstatic.com/images?q=tbn:ANd9GcTzBPxfyIaLiq9_QT8yN4Wu5D6_TxeR6oifKDVT8s-lPkQNlCmY04f5q_1-4Ks&s,0,,,,,
314,Hannah Montana,https://encrypted-tbn0.gstatic.com/images?q=tbn:ANd9GcQ1aJDIW6jL4gPBvMLjG1mRIyROZSVHX6j47r3uib7gGVneyrAwsGFV4__d0g&s,0,,,,,
315,Joker,https://encrypted-tbn0.gstatic.com/images?q=tbn:ANd9GcQTRTEbyMpjdbjBzRaaxt--GV99Q1yHUuD5X1how6bZa44vrzKet2zGaLY9Fg&s,0,,,,,
316,Latin Quarters,https://encrypted-tbn0.gstatic.com/images?q=tbn:ANd9GcQzTupHz0bcFwOTcbTsF3w2Jk1FcV1KSZc68esfC_i4Gd1wsRXv8uEGrlTGxQ&s,0,,,,,
317,Red Chief,https://encrypted-tbn0.gstatic.com/images?q=tbn:ANd9GcSdqszxkxTc6_3tUwWRx6WGoOceHkpiOVHO1Sg_g_w6eA02bJKsyP_giQ1yUw&s,0,,,,,
318,Helix,https://encrypted-tbn0.gstatic.com/images?q=tbn:ANd9GcSH8Hc6XQYSHAMS0wC4bRPvUb3W7UNfxcJBEHbtzJE5wKlVjR17WJJfCR59JFM&s,0,,,,,
319,Bwitch,https://encrypted-tbn0.gstatic.com/images?q=tbn:ANd9GcT1sTEV4xocuQsngmEIz_JRMgctsYob7De71bnXPkad8QDhTayuWkoSeKj5_w&s,0,,,,,
320,Tortoise,https://encrypted-tbn0.gstatic.com/images?q=tbn:ANd9GcRAnVtmUZGVq65Fus1XCsDU72E4X3YFHr2t5GHHnKASzyjJn3JHWd_RlXiFAUs&s,0,,,,,
321,Span,https://encrypted-tbn0.gstatic.com/images?q=tbn:ANd9GcQbAJeyyqE5C02Hmmi9JrYvDEBByMO4Pax2SgeMIs8GJs-xFPiptwfLeyuHybw&s,0,,,,,
322,SWAYAM,https://encrypted-tbn0.gstatic.com/images?q=tbn:ANd9GcQzTKl0tF2qbM3fJeYNudlGrHz_llHRHYEbdH1CPZ5ByAjsJiuvpSqDoULQ2U8&s,0,,,,,
323,Remanika,https://encrypted-tbn0.gstatic.com/images?q=tbn:ANd9GcR2VeHN-UHZu8RTnyb9WKonDLUldnombwOToq0CnejNl_I8qOvum5l44I0wvg&s,0,,,,,
324,Estd. 1977,https://encrypted-tbn0.gstatic.com/images?q=tbn:ANd9GcTqGbKzVN7NW7XMPQcLf92U3O9slbb1C60Pl7Pwfyfn9e68I62Pu-JUrptYgG4&s,0,,,,,
325,Prafful,https://encrypted-tbn0.gstatic.com/images?q=tbn:ANd9GcTkj-lhPHq-PUDV2cyKWmXxXXaMfuHuyy43dob8Ezkdboxnl3XYeiyM3ktCdic&s,0,,,,,
326,Estelle,https://encrypted-tbn0.gstatic.com/images?q=tbn:ANd9GcTi97ZedMGEVsNfYNeFJI77O4Nab59V4iEJIhNIqaoKC6pr9ea9D5mNFTiP73Q&s,0,,,,,
327,Alma,https://encrypted-tbn0.gstatic.com/images?q=tbn:ANd9GcT0kyOld2asv3ubuhgPGWD_77c18rr0bO7iN3z5YbOGRMhKIv2nQOlfiPXWvYA&s,0,,,,,
328,Little Miss Intimates,https://encrypted-tbn0.gstatic.com/images?q=tbn:ANd9GcTc6smZ9j1FyyspFZNY6PB7kkoAt_1Wdrs7Q2D5QQiyebczTxhFrE-tJnnKbg&s,0,,,,,
329,French Connection,https://encrypted-tbn0.gstatic.com/images?q=tbn:ANd9GcQFGqqqdVSiLg8BuwxwmoKVxxOhPTiQaWbQFHRdqEymu5N25cDs9BAnA6A-ddM&s,0,,,,,
330,Amante,https://encrypted-tbn0.gstatic.com/images?q=tbn:ANd9GcSqqmsUzNzMEdo12rXyj43XsRwSf58fYe1u5yV5eWTi7Sn9qyHx4ZqJzQjTqA&s,0,,,,,
331,FCUK Underwear,https://encrypted-tbn0.gstatic.com/images?q=tbn:ANd9GcSAYPLa6gS1vyb3njpr075W_slWaew0Tv68JEZfXSLs5RfOHJYRgOGHr9AwAkU&s,0,,,,,
332,Calvin Klein Innerwear,https://encrypted-tbn0.gstatic.com/images?q=tbn:ANd9GcQYdV0WuVaTM-cRBGI5k-rNH2qkIiP4JwdtABJcIWWFfqq70M1vFHKGFkWryVo&s,0,,,,,
333,Calvin Klein Underwear,https://encrypted-tbn0.gstatic.com/images?q=tbn:ANd9GcQYdV0WuVaTM-cRBGI5k-rNH2qkIiP4JwdtABJcIWWFfqq70M1vFHKGFkWryVo&s,0,,,,,
334,Swiss Army,https://encrypted-tbn0.gstatic.com/images?q=tbn:ANd9GcRXYuw2InAYxFZPHva5myO0NGpqS0IloCHRVOL4QU1ucfW8ZIYOI9PiBggcwg&s,0,,,,,
335,Wilson,https://encrypted-tbn0.gstatic.com/images?q=tbn:ANd9GcTmMqTYQv_wdI8-Yv9l4APOooboIF3tGoKvl81r99QY5Z9LyrTjL8VVBbC8xg&s,0,,,,,
336,Royal Diadem,https://encrypted-tbn0.gstatic.com/images?q=tbn:ANd9GcQ9YKMN_fZ7laorzDe0AI4HVyXJ7MsIVHCBgQ10sACjLPUL9HKmZuilzl58T18&s,0,,,,,
337,HUGO,https://encrypted-tbn0.gstatic.com/images?q=tbn:ANd9GcQxi2oHRuzisnhQe3a1CmERk-h6i64zS_WV_PCetJz43zdLHGJnLEAq-Z9xcw&s,0,,,,,
338,Carlos Moya,https://encrypted-tbn0.gstatic.com/images?q=tbn:ANd9GcRB4aKM_faN23AT3wMp-UMQx4vq1brpdL-liAAICNOH1NbI-v_zye6dYWIhaAw&s,0,,,,,
339,Spinz,https://encrypted-tbn0.gstatic.com/images?q=tbn:ANd9GcSEMdH_9yjYADYawrooSCSUJc4Ka03b96--qcF1pTINaVWKMKQZ6NXvqNwT_g&s,0,,,,,
340,Footfun,https://encrypted-tbn0.gstatic.com/images?q=tbn:ANd9GcScOP4sOCnDZqt5SltPDtcA7aZ-0zj5s93FRZX82TMUzrkTnNXUtORJ1Q0BO88&s,0,,,,,
341,Globalite,https://encrypted-tbn0.gstatic.com/images?q=tbn:ANd9GcSCOU1-gwxqApmPGGbyfeZzy9PsF48dmuWq2glgMosHb7-QiieMDdWL5ZOc4k8&s,0,,,,,
342,Kama Sutra,https://encrypted-tbn0.gstatic.com/images?q=tbn:ANd9GcS6Ak0Sb6z4_CVfL_ParkL9FMt6L_kToIce-EmXgx89AMgYvXOJv7_yLOtzUKM&s,0,,,,,
343,Casio Baby-G,https://encrypted-tbn0.gstatic.com/images?q=tbn:ANd9GcTv5rDzN21h2sZLgjW_7YPDkk0JY0baCW_u_Xvr_U9zhH3dy64wbhdfMh1Swg&s,0,,,,,
344,Lomani,https://encrypted-tbn0.gstatic.com/images?q=tbn:ANd9GcQd1e90Z__cVyG5FTK4KLViUhc6Fgl7NuJ8yIWWDn51cLK4756_dir5KyF_1WA&s,0,,,,,
345,Adrika,https://encrypted-tbn0.gstatic.com/images?q=tbn:ANd9GcRPc6YFiTSLY87HwPR20wkNe53UWV0AvnHB-qoHZz0ilyFYpk2QRw9lvU9pIBA&s,0,,,,,
346,Fusion Beats,https://encrypted-tbn0.gstatic.com/images?q=tbn:ANd9GcQ8f4BBdfuIidxKB32RXAFwX6c-leMxMX7JUibAAVZaIu3lqHOidFBRt7k8bgU&s,0,,,,,
347,109F,https://encrypted-tbn0.gstatic.com/images?q=tbn:ANd9GcTRY_r4UqiOGZpqai8il96KlZRPzjL0SE2llrWOOJezM-UpGv_OA-v8QrlyCIs&s,0,,,,,
348,Jacques M,https://encrypted-tbn0.gstatic.com/images?q=tbn:ANd9GcTjLItO9Tmm6nkok3mIKZyrvRgyRR_xn8mzmt0JQcoodQP9srXt_rjNli1pUg&s,0,,,,,
349,Rasasi,https://encrypted-tbn0.gstatic.com/images?q=tbn:ANd9GcR-XQ_D8vuTeFNuScJVg9zsQz2E3KIWwf7kegieWVsQmrjMCLRnMhxRglKXTA&s,0,,,,,
350,Giorgio Beverly Hills,https://encrypted-tbn0.gstatic.com/images?q=tbn:ANd9GcSmSlY--4cLp5LCJB2TfTN2R7ojGn-VgEuGRkJQU953dqnjgObP3ktcgVKuxmI&s,0,,,,,
351,Paco Rabanne,https://encrypted-tbn0.gstatic.com/images?q=tbn:ANd9GcRaFewf_ITnn9djGwnssBTGopQzdOgjtiZLND8E6cSSTRfYNQrMoQGEy3S_S5s&s,0,,,,,
352,Euroluxe,https://encrypted-tbn0.gstatic.com/images?q=tbn:ANd9GcReKX8jQx6kAJjI926VFnriGFagiNCjZGNpS08ywM0jDhDBuMj7AQ61iCTFs7k&s,0,,,,,
353,Rising Wave,https://encrypted-tbn0.gstatic.com/images?q=tbn:ANd9GcTn3npXok4cYdpi5Wza_JisW1GNvkUn4U0T_Zd4Dz8C8BCYSY-YW86i6cYdnTY&s,0,,,,,
354,Love Passport,https://encrypted-tbn0.gstatic.com/images?q=tbn:ANd9GcS0zMv_idSIUUvXrvWYNnMu3ZOl0l2sCW60hd0V5R__Vo9su9FNmEO75-s4xYs&s,0,,,,,
355,Saint James,https://encrypted-tbn0.gstatic.com/images?q=tbn:ANd9GcSpozCub7-eMyzUMbJ93TC4zvEg2HWk5lJOKgo8cfdeC6UB-viOEZ5cM1QLrA&s,0,,,,,
356,Barbie,https://encrypted-tbn0.gstatic.com/images?q=tbn:ANd9GcSPWlmZJ-q3DM3Ksu1rThoJu537ssZKdWgr-vMNIBXvI5BGMMPMgTfxbqOVSaE&s,0,,,,,
357,F5,https://encrypted-tbn0.gstatic.com/images?q=tbn:ANd9GcTM4wO4J0s44ULTUoMuVZR4wEuU4JoD08xiKNTfPjZwVziAPt4VX8qQBR34JQ0&s,0,,,,,
358,Umbro,https://encrypted-tbn0.gstatic.com/images?q=tbn:ANd9GcTOthKELakySeT-XajWvNdNJFPLLW2DafVCNRKwcBRXrFpp3ixNZBKW-AYdE90&s,0,,,,,
359,York,https://encrypted-tbn0.gstatic.com/images?q=tbn:ANd9GcR1kvxJSg2yX-WbbQHtI9Zm75TZTGKIVaYVczKnCv6398QzdgRhe3vtskGmKA&s,0,,,,,
360,Shree,https://encrypted-tbn0.gstatic.com/images?q=tbn:ANd9GcQLsgsEjQfaUSvlLFy0r5x-t0Z2Z11g6vkgTWEm8cMzQ1uEzPHuDBG5wjQsV-c&s,0,,,,,
361,Tiptopp,https://encrypted-tbn0.gstatic.com/images?q=tbn:ANd9GcRB_UXIYQ8_dwAbqBZcJVHMAKSWIEUE6JJMVPtmBjzMpVK4LiCAoDzMRWZRkg&s,0,,,,,
362,Portia,https://encrypted-tbn0.gstatic.com/images?q=tbn:ANd9GcRPBC3bI6Dw96EMpn2Ga3GAK9KLlnYbghesB3y5Jy3VssUm-pmu0YMT0UOqhQ&s,0,,,,,
363,Avengers,https://encrypted-tbn0.gstatic.com/images?q=tbn:ANd9GcTcT4Dqk0XopuJBRcuB0IKVmtETSEZmxMMDkxObmfK9_GmBNgTHG80G5BqnGbk&s,0,,,,,
364,The Amazing Spiderman,https://encrypted-tbn0.gstatic.com/images?q=tbn:ANd9GcQsGpqOWYCyFZYbD0L6vn3BnwcQ7IrWDYdUd0Si6Ngh2JKPAQp48ZKKfN4Ng70&s,0,,,,,
365,Pitaraa,https://encrypted-tbn0.gstatic.com/images?q=tbn:ANd9GcS0IkzPkdfhaee9M3b4xze6SgeJjbnRE7P5L02BoVdUjxCF5GZpPhUq7VZGtgg&s,0,,,,,
366,Revv,https://encrypted-tbn0.gstatic.com/images?q=tbn:ANd9GcR8mUxNQx_rS2XGIak7oZQYmwEALq8MDUmJAvUHxg7g7b-1AFH4sn2FR-g-k4I&s,0,,,,,
367,Lucera,https://encrypted-tbn0.gstatic.com/images?q=tbn:ANd9GcQtklToABhp0b3iyF4ZCqDIwFgeJpchwRUPkgk6oxhgAQWVmQ1Z2auNgaBI9g&s,0,,,,,
368,Miki Pearl,https://encrypted-tbn0.gstatic.com/images?q=tbn:ANd9GcRAhho0eDW9rFQixwj6pGunZLlYFfQV4lCAMUjUIfGrBXfBJpaG4gxSvV44nA&s,0,,,,,
369,Deborah,https://encrypted-tbn0.gstatic.com/images?q=tbn:ANd9GcStEIRht29sls7GGxgEix_57sb6j-7hVh7N-HKZX9hxcKnl_tRSbDU7owmCLw&s,0,,,,,
370,Calzini,https://encrypted-tbn0.gstatic.com/images?q=tbn:ANd9GcSCggiOH_Q2vPi7r_cDPINhQKCL8uUwatcli7qVKQ9w0cuCDe6R-7ldQ5-SfPQ&s,0,,,,,
371,Parx,https://encrypted-tbn0.gstatic.com/images?q=tbn:ANd9GcQmPSLCgDTeyGcnkVtdFbI8dX-LhNQCEK4MSBqEfUMpg87opfh45DLFZ_NltXI&s,0,,,,,
372,Stoln,https://encrypted-tbn0.gstatic.com/images?q=tbn:ANd9GcS_AL5l4m4MPCssp9qRDQ9ClSCF1UY9n9a7Fysal6qKWMDweuQTswQJBFpvyw&s,0,,,,,
373,Chromozome,https://encrypted-tbn0.gstatic.com/images?q=tbn:ANd9GcR0HtP4Yq6dTtTfKHMWhgygidBt3QKzHE0YXRR1p4XXOR2s9QOcSBraZKklZQ&s,0,,,,,
374,Raymond,https://encrypted-tbn0.gstatic.com/images?q=tbn:ANd9GcTSp5qJR1LleB_9a2p0SqZphQ8J74HPyNJyLnsaeZiKo0LYYQDpCKr3bpTWdBM&s,0,,,,,
375,Hop Scotch,https://encrypted-tbn0.gstatic.com/images?q=tbn:ANd9GcTVVY5DCGvtu77BoL9JPsGW3HM5Q0eGfep2ACAR95kX_VlCY3zLEyePwLNIGw&s,0,,,,,
376,Kraus Jeans,https://encrypted-tbn0.gstatic.com/images?q=tbn:ANd9GcQax0sOJ2kXuCWM9u3HW7byDhrAP4qP1sQwjZXD9qX0_XIx9VTFGMex3se5LLM&s,0,,,,,
377,Hidedge,https://encrypted-tbn0.gstatic.com/images?q=tbn:ANd9GcQCVWFJUpHl4NcFNhrqZAYn7FhDt5D4-H-J_yefvwGsOr3-HhPtcYhCPTZE1A&s,0,,,,,
378,Nyk,https://encrypted-tbn0.gstatic.com/images?q=tbn:ANd9GcSWsr-75FVVULwsol20xbXNPyLKgXBKNkYA982LuC7QumGw-E0Su-VSpgDo4oY&s,0,,,,,
379,Inaya,https://encrypted-tbn0.gstatic.com/images?q=tbn:ANd9GcRMWd6PAxFufSGQEJOiy3jjpCsGSMjU5HqFqvzLVkj6WRbA6E3DjldBSCoE3Q&s,0,,,,,
380,Just Natural,https://encrypted-tbn0.gstatic.com/images?q=tbn:ANd9GcQ9dvRuwHghyLPIC1BBxSrSQhq-RqCCtk1K8gmLFJGLb_0pZL_FMan2skU4ZmQ&s,0,,,,,
381,Lencia,https://encrypted-tbn0.gstatic.com/images?q=tbn:ANd9GcT6Kv2zUMcepvh1pA6J8vZ39Ge0EyqimrzM4cu-oUMKfzyYTtNomo01jGm6kOk&s,0,,,,,
382,ToniQ,https://encrypted-tbn0.gstatic.com/images?q=tbn:ANd9GcR_VxgSyPzPebB4quS_CzQ2j04zAD_D8PP5HrZBz4qgtIjcJypRpeGTFAI2z7Y&s,0,,,,,
383,Red Rose,https://encrypted-tbn0.gstatic.com/images?q=tbn:ANd9GcQeHyUpZc84HNHQ15KL_FsWp_oU-sEvCkWeDsd7dUcuuJGG4Dd_3tjl8l6vpHk&s,0,,,,,
384,Mod-acc,https://encrypted-tbn0.gstatic.com/images?q=tbn:ANd9GcRN9CnnIZbJ6gFCRHKgE2tW65DmU4z_opsgR1dGflgt7GYTW7YEjkJTDjtLwA&s,0,,,,,
385,Morellato,https://encrypted-tbn0.gstatic.com/images?q=tbn:ANd9GcTfBubP1Ui_N1yQfGTrv-OYRDbml1XCG0Khy28yNHket_gKCAOK2fe-0u1g6rs&s,0,,,,,
386,Just Cavalli,https://encrypted-tbn0.gstatic.com/images?q=tbn:ANd9GcS2StUERQ8dE1Cgw5BFyrxRQBfBSEM2SWRquMMdNq1kZqD84-IM13UQB2juxSM&s,0,,,,,
387,Fiorelli,https://encrypted-tbn0.gstatic.com/images?q=tbn:ANd9GcTp-BAhKH2aND8A2EXZsUwMkI65HUmim8BnbXRoSFaM8QVK4lZkxVU-ltcV4w&s,0,,,,,
388,JAG,https://encrypted-tbn0.gstatic.com/images?q=tbn:ANd9GcQ9hX4bI3Kwm0yFPuPkn1oFZqe9c75nCyuJ6wf2ZN3Pgj5hYa3fthJ_aez-yN4&s,0,,,,,
389,FNF,https://encrypted-tbn0.gstatic.com/images?q=tbn:ANd9GcS0seYoXR7Z5rolVO4iHBKx-HnIf4zgPUtvqxBsg5B6Ryw1oSm0j4Pd_u-hfw&s,0,,,,,
390,Smugglerz,https://encrypted-tbn0.gstatic.com/images?q=tbn:ANd9GcRqvUAIzFTX4woVxfoZQ2GMeQkIjyg0-tD0WxW-YCB_j27Gb6nE4ghB9UuEs-s&s,0,,,,,
391,Ayaany,https://encrypted-tbn0.gstatic.com/images?q=tbn:ANd9GcQ-wNO42RrbdRPzmhBD5q0RsSAKyKkRyCMbbCrBiJN1-q6mNeLfhFxW4va5Ww&s,0,,,,,
392,Garfield,https://encrypted-tbn0.gstatic.com/images?q=tbn:ANd9GcQjT8aSE0-JQN7qHPF40JKwpL1qQh1kwbJkKC31yXyeLULIs7UuChY_KVu0DWQ&s,0,,,,,
393,Avon,https://encrypted-tbn0.gstatic.com/images?q=tbn:ANd9GcTzbEnTReGG5hzcayxAB203px2mmlpwOone_7VJ2fV6mpCAfUQ7o6Y0sx-lHg&s,0,,,,,
394,F Sports,https://encrypted-tbn0.gstatic.com/images?q=tbn:ANd9GcSC_Fhvf9Za7FapaoRtWYlIGos_VDeZlzBgxrTY6tPE3b-qdpOBRyw_xB_XW3U&s,0,,,,,
395,Sushilas,https://encrypted-tbn0.gstatic.com/images?q=tbn:ANd9GcSew4Echq7fdHDSp7itX8XKPflhhQddBaqfOwRjne5Wy_osmtQaN55gBYTvmZ4&s,0,,,,,
396,Ivory Tag,https://encrypted-tbn0.gstatic.com/images?q=tbn:ANd9GcQbCpzJwV3h5RoBleHC6qUa5Dr-rNP2KjGdykKhf302ByhVGPn2j9zNYzFTlA&s,0,,,,,
397,Lakme,https://encrypted-tbn0.gstatic.com/images?q=tbn:ANd9GcS2gN-jEa8gz6NJIaduGhvlyiI2ZpUtJ4fJNojPErJ1MHcll5YzKN8nReoSfIY&s,0,,,,,
398,Ponds,https://encrypted-tbn0.gstatic.com/images?q=tbn:ANd9GcTk4kBzF9yAFL4SUf6rQiNBi1uCd7GD8OqcoxPBfiEtVHir3e634Kd5lNRTmpQ&s,0,,,,,
399,Smartoe,https://encrypted-tbn0.gstatic.com/images?q=tbn:ANd9GcSPT3vXTZ-jlb9JntSKMdTTEA8VIr5SzQc8bfmSc0U36idKsyI_5pTol-9_RQ&s,0,,,,,
400,Revlon,https://encrypted-tbn0.gstatic.com/images?q=tbn:ANd9GcTPjP8XbF1U7NyO1bU4f5lFpz9CNJ-Qun3HJnHyAfIF5wHm82orjZlRmVCioA&s,0,,,,,
401,Colorbar,https://encrypted-tbn0.gstatic.com/images?q=tbn:ANd9GcRizQSE11A4BYaN91phq6YzpbPKRNas1PNMOPVAq-oyUGsKsOy3gjLvaWdw1A&s,0,,,,,
402,Biara,https://encrypted-tbn0.gstatic.com/images?q=tbn:ANd9GcRug4QrI3nxnnH18evbPsDhUL8NZ-vEZe4EGGAD5U0qfsS-smOOf7uoNajmBCs&s,0,,,,,
403,Tommy Hilfiger,https://encrypted-tbn0.gstatic.com/images?q=tbn:ANd9GcQ-vpIe9wHnT0j8CSm0B93dE_JSPuS56C0DvK6vSVBt6mW2ky6bwMMxC2P26A&s,0,,,,,
404,Streetwear,https://encrypted-tbn0.gstatic.com/images?q=tbn:ANd9GcTgxsQuy9q4jzCSSWGE8RUAeZT1kQcRn6uSC0-ueHbwpwQ3CFJn32ZbdTqFu4k&s,0,,,,,
405,Olay,https://encrypted-tbn0.gstatic.com/images?q=tbn:ANd9GcQZ8Y1wqlY8dOkEvbSxj2V_Fg9sxzya0VBuI8M6KiuWEds9fX1aPzdEbkRIXAE&s,0,,,,,
406,Horsefly,https://encrypted-tbn0.gstatic.com/images?q=tbn:ANd9GcRw7-VgeV74uD4OQfYlkDAfPQ8OZ9m6zOfVR8WvKXI9gOwC3B9-et3p8EhH2Q&s,0,,,,,
407,HM,https://encrypted-tbn0.gstatic.com/images?q=tbn:ANd9GcTV2kzkwO7HvWocXO9y6_UErhC5YPRGckP-mN90HwiHvZ178GuTGuzbvWbVcA&s,0,,,,,
408,Elle,https://encrypted-tbn0.gstatic.com/images?q=tbn:ANd9GcQbxn_4kj0WnznFttHQspD2cFxXnvldJo5kdSxuNvReoooVzRwqxxRwM0iBGG4&s,0,,,,,
409,Lotus Herbals,https://encrypted-tbn0.gstatic.com/images?q=tbn:ANd9GcTQuHNOW56Eovb9uboNay2kjj-xVZY-H7iv7gtwinGixSVFUXZkNkh_O8mlJoE&s,0,,,,,
410,Biotique,https://encrypted-tbn0.gstatic.com/images?q=tbn:ANd9GcTQ58Ty8ZHOFf5PfrNC01UO5OX0k9xEE_HCsQhzWECdeUhMKL5uIPlmwnE_uj8&s,0,,,,,
411,Fruit of the loom,https://encrypted-tbn0.gstatic.com/images?q=tbn:ANd9GcRifolgXS4HTyYbvMcfyTZVSMGvW5hwkk4iX_KSEmR53qey2I1Vo6LWbDuhPBg&s,0,,,,,
412,Rreverie,https://encrypted-tbn0.gstatic.com/images?q=tbn:ANd9GcQEMrY7PmAfCeLsYZMaVSKnlng-NDMDrWjYEvqDqKhjiJ8rbolT5_8TZ-OSWrg&s,0,,,,,
413,Rocky S,https://encrypted-tbn0.gstatic.com/images?q=tbn:ANd9GcTKKFvrD-U_EexdVlgGDknIGmY9GBAiAgpJ2pSjyBDPtbE3J7H7a4KtN7hF_yQ&s,0,,,,,
414,Alayna,https://encrypted-tbn0.gstatic.com/images?q=tbn:ANd9GcRqBwGqQ6rmPQELqBW-PePPBSXMiK1YkvVz0cJgnPbGfEIgAw6lphnAME0aRA&s,0,,,,,
415,FCUK,https://encrypted-tbn0.gstatic.com/images?q=tbn:ANd9GcQBLC6c0WqgehxAeDLlJCi7KYHzZckfCAkskWMvr35FDvpWxqgcOKqKf80BI7I&s,0,,,,,
416,Hakashi,https://encrypted-tbn0.gstatic.com/images?q=tbn:ANd9GcQ-r3DSW-OytfyiIfhULFIdMhn-yOHILt8XyKabDvN9b7Mv9-kauxo_BJyQ2Sc&s,0,,,,,
417,Taylor of London,https://encrypted-tbn0.gstatic.com/images?q=tbn:ANd9GcRj4QKatyLljpw3eCK0la48ovNCQfbvQbiZEGe_oKd0ofUbfK3PB-MFTEO2RQ&s,0,,,,,
418,Denim,https://encrypted-tbn0.gstatic.com/images?q=tbn:ANd9GcTZpSi9d5Od6djRG8uo2CHT5eACcu8wf9Mxj7mCuFZa_P7Y99HxgivPo61bhHE&s,0,,,,,
419,Colour me,https://encrypted-tbn0.gstatic.com/images?q=tbn:ANd9GcRkOYIaWtEM-bYAZFQIo-bxR-8NEB3xZ-XijV0zbbIp097pflKqWjZhs1qaUQ&s,0,,,,,
420,Cavallini,https://encrypted-tbn0.gstatic.com/images?q=tbn:ANd9GcQ6-G9eZBDyqe_d8FFtuCk1sXioonIM3nTgzzMbLLcwxCVJbuB7NtaxIE_uvA&s,0,,,,,
421,BRUT,https://encrypted-tbn0.gstatic.com/images?q=tbn:ANd9GcRzeJfdmarsndG2ikYBfh28Eso6onGNmh6n2E5asKKkK_WYSwQ1qvJW-V61Jb8&s,0,,,,,
422,Peri Peri,https://encrypted-tbn0.gstatic.com/images?q=tbn:ANd9GcTIrGQ9Nnan6w4JFehJbkMaPicVm0O-1TLgeCRzwjtvoF34mB5JgsQgFwDRbQ&s,0,,,,,
423,Avirate,https://encrypted-tbn0.gstatic.com/images?q=tbn:ANd9GcT11sBrT5yzseiGFCVTrE7lPWrD3XbW4nhvDumdEHxaySqkurPrMKEaBGhq5w&s,0,,,,,
424,Valley of Flowers,https://encrypted-tbn0.gstatic.com/images?q=tbn:ANd9GcS2OECx-PhYuc8kpYFtBnhb4xh8Q0f2m8WS4sevR0hcAUigqVE8sdm6xrOt3Q&s,0,,,,,
